participant_id,trial_number,trial_id,domain,probability,gain,loss,certain_amount,certain_offset,is_dominance_check,choice
P055,12,26,loss,0.75,0,100,-65.0,-10.0,False,certain
P027,14,4,gain,0.25,100,0,15.0,-10.0,False,certain
P053,23,27,loss,0.75,0,100,-75.0,0.0,False,certain
P031,21,28,loss,0.75,0,100,-85.0,10.0,False,gamble
P010,25,12,gain,0.75,100,0,85.0,10.0,False,certain
P003,22,32,loss,0.5,0,100,0.0,,True,certain
P007,13,26,loss,0.75,0,100,-65.0,-10.0,False,certain
P005,27,30,loss,0.9,0,100,-90.0,0.0,False,gamble
P024,11,12,gain,0.75,100,0,85.0,10.0,False,certain
P016,8,5,gain,0.25,100,0,25.0,0.0,False,gamble
P050,20,24,loss,0.5,0,100,-50.0,0.0,False,certain
P017,11,23,loss,0.5,0,100,-40.0,-10.0,False,certain
P009,14,11,gain,0.75,100,0,75.0,0.0,False,gamble
P024,16,7,gain,0.5,100,0,40.0,-10.0,False,gamble
P004,8,14,gain,0.9,100,0,90.0,0.0,False,gamble
P015,9,15,gain,0.9,100,0,100.0,10.0,False,certain
P012,27,23,loss,0.5,0,100,-40.0,-10.0,False,certain
P034,26,15,gain,0.9,100,0,100.0,10.0,False,certain
P056,4,23,loss,0.5,0,100,-40.0,-10.0,False,gamble
P020,16,1,gain,0.1,100,0,0.0,-10.0,False,gamble
P058,10,21,loss,0.25,0,100,-25.0,0.0,False,certain
P044,14,9,gain,0.5,100,0,60.0,10.0,False,certain
P001,4,24,loss,0.5,0,100,-50.0,0.0,False,gamble
P004,17,9,gain,0.5,100,0,60.0,10.0,False,certain
P003,20,17,loss,0.1,0,100,0.0,-10.0,False,certain
P058,2,1,gain,0.1,100,0,0.0,-10.0,False,gamble
P019,27,14,gain,0.9,100,0,90.0,0.0,False,certain
P045,23,12,gain,0.75,100,0,85.0,10.0,False,certain
P050,1,28,loss,0.75,0,100,-85.0,10.0,False,gamble
P028,18,7,gain,0.5,100,0,40.0,-10.0,False,gamble
P029,24,29,loss,0.9,0,100,-80.0,-10.0,False,certain
P056,24,12,gain,0.75,100,0,85.0,10.0,False,gamble
P046,1,23,loss,0.5,0,100,-40.0,-10.0,False,gamble
P035,4,21,loss,0.25,0,100,-25.0,0.0,False,certain
P038,13,10,gain,0.75,100,0,65.0,-10.0,False,gamble
P048,5,15,gain,0.9,100,0,100.0,10.0,False,certain
P036,20,16,gain,0.5,100,0,120.0,,True,certain
P058,20,20,loss,0.25,0,100,-15.0,-10.0,False,certain
P011,30,31,loss,0.9,0,100,-100.0,10.0,False,gamble
P038,20,25,loss,0.5,0,100,-60.0,10.0,False,certain
P057,32,25,loss,0.5,0,100,-60.0,10.0,False,gamble
P027,11,7,gain,0.5,100,0,40.0,-10.0,False,gamble
P001,32,9,gain,0.5,100,0,60.0,10.0,False,certain
P038,31,20,loss,0.25,0,100,-15.0,-10.0,False,gamble
P056,15,20,loss,0.25,0,100,-15.0,-10.0,False,gamble
P020,10,7,gain,0.5,100,0,40.0,-10.0,False,certain
P016,21,28,loss,0.75,0,100,-85.0,10.0,False,gamble
P057,25,5,gain,0.25,100,0,25.0,0.0,False,gamble
P034,8,19,loss,0.1,0,100,-20.0,10.0,False,gamble
P010,1,21,loss,0.25,0,100,-25.0,0.0,False,certain
P056,31,31,loss,0.9,0,100,-100.0,10.0,False,certain
P030,10,32,loss,0.5,0,100,0.0,,True,certain
P057,15,21,loss,0.25,0,100,-25.0,0.0,False,gamble
P046,17,3,gain,0.1,100,0,20.0,10.0,False,gamble
P014,1,15,gain,0.9,100,0,100.0,10.0,False,certain
P050,27,25,loss,0.5,0,100,-60.0,10.0,False,certain
P020,2,24,loss,0.5,0,100,-50.0,0.0,False,certain
P025,1,32,loss,0.5,0,100,0.0,,True,gamble
P029,28,17,loss,0.1,0,100,0.0,-10.0,False,certain
P048,13,6,gain,0.25,100,0,35.0,10.0,False,gamble
P047,20,23,loss,0.5,0,100,-40.0,-10.0,False,gamble
P051,24,28,loss,0.75,0,100,-85.0,10.0,False,gamble
P012,11,32,loss,0.5,0,100,0.0,,True,certain
P008,6,24,loss,0.5,0,100,-50.0,0.0,False,gamble
P037,12,22,loss,0.25,0,100,-35.0,10.0,False,gamble
P060,14,28,loss,0.75,0,100,-85.0,10.0,False,gamble
P007,31,27,loss,0.75,0,100,-75.0,0.0,False,certain
P039,6,31,loss,0.9,0,100,-100.0,10.0,False,gamble
P028,27,1,gain,0.1,100,0,0.0,-10.0,False,gamble
P018,6,8,gain,0.5,100,0,50.0,0.0,False,gamble
P028,8,27,loss,0.75,0,100,-75.0,0.0,False,certain
P020,26,15,gain,0.9,100,0,100.0,10.0,False,
P003,18,10,gain,0.75,100,0,65.0,-10.0,False,gamble
P007,7,24,loss,0.5,0,100,-50.0,0.0,False,certain
P006,11,5,gain,0.25,100,0,25.0,0.0,False,certain
P002,27,31,loss,0.9,0,100,-100.0,10.0,False,gamble
P030,30,21,loss,0.25,0,100,-25.0,0.0,False,certain
P045,6,25,loss,0.5,0,100,-60.0,10.0,False,gamble
P052,7,22,loss,0.25,0,100,-35.0,10.0,False,certain
P018,25,27,loss,0.75,0,100,-75.0,0.0,False,certain
P007,19,28,loss,0.75,0,100,-85.0,10.0,False,gamble
P026,30,6,gain,1.4,100,0,35.0,10.0,False,gamble
P043,17,11,gain,0.75,100,0,75.0,0.0,False,certain
P025,23,1,gain,0.1,100,0,0.0,-10.0,False,certain
P058,7,2,gain,0.1,100,0,10.0,0.0,False,gamble
P047,9,19,loss,0.1,0,100,-20.0,10.0,False,gamble
P013,17,10,gain,0.75,100,0,65.0,-10.0,False,gamble
P028,31,23,loss,0.5,0,100,-40.0,-10.0,False,gamble
P048,29,18,loss,0.1,0,100,-10.0,0.0,False,gamble
P055,30,9,gain,0.5,100,0,60.0,10.0,False,gamble
P046,26,2,gain,0.1,100,0,10.0,0.0,False,certain
P009,10,8,gain,0.5,100,0,50.0,0.0,False,gamble
P060,6,5,gain,0.25,100,0,25.0,0.0,False,certain
P039,16,10,gain,0.75,100,0,65.0,-10.0,False,gamble
P044,32,2,gain,0.1,100,0,10.0,0.0,False,certain
P048,7,12,gain,0.75,100,0,85.0,10.0,False,gamble
P055,22,19,loss,0.1,0,100,-20.0,10.0,False,certain
P041,1,22,loss,0.25,0,100,-35.0,10.0,False,certain
P019,18,21,loss,0.25,0,100,-25.0,0.0,False,certain
P036,17,27,loss,0.75,0,100,-75.0,0.0,False,certain
P030,24,3,gain,0.1,100,0,20.0,10.0,False,gamble
P020,25,31,loss,0.9,0,100,-100.0,10.0,False,gamble
P024,5,5,gain,0.25,100,0,25.0,0.0,False,gamble
P056,28,15,gain,0.9,100,0,100.0,10.0,False,certain
P010,16,7,gain,0.5,100,0,40.0,-10.0,False,gamble
P001,28,6,gain,0.25,100,0,35.0,10.0,False,certain
P029,10,2,gain,0.1,100,0,10.0,0.0,False,certain
P015,25,11,gain,0.75,100,0,75.0,0.0,False,certain
P010,32,13,gain,0.9,100,0,80.0,-10.0,False,gamble
P033,28,32,loss,0.5,0,100,0.0,,True,certain
P003,7,16,gain,0.5,100,0,120.0,,True,certain
P005,13,26,loss,0.75,0,100,-65.0,-10.0,False,certain
P050,14,18,loss,0.1,0,100,-10.0,0.0,False,certain
P024,25,20,loss,0.25,0,100,-15.0,-10.0,False,certain
P019,2,19,loss,0.1,0,100,-20.0,10.0,False,gamble
P006,9,7,gain,0.5,100,0,40.0,-10.0,False,gamble
P042,22,2,gain,0.1,100,0,10.0,0.0,False,gamble
P041,21,11,gain,0.75,100,0,75.0,0.0,False,gamble
P026,16,14,gain,0.9,100,0,90.0,0.0,False,gamble
P011,9,15,gain,0.9,100,0,100.0,10.0,False,certain
P013,27,24,loss,0.5,0,100,-50.0,0.0,False,gamble
P002,30,1,gain,0.1,100,0,0.0,-10.0,False,gamble
P011,13,24,loss,0.5,0,100,-50.0,0.0,False,gamble
P056,11,8,gain,0.5,100,0,50.0,0.0,False,certain
P003,6,18,loss,0.1,0,100,-10.0,0.0,False,certain
P045,15,10,gain,0.75,100,0,65.0,-10.0,False,gamble
P003,2,15,gain,0.9,100,0,100.0,10.0,False,certain
P029,21,4,gain,0.25,100,0,15.0,-10.0,False,gamble
P034,17,18,loss,0.1,0,100,-10.0,0.0,False,certain
P023,7,8,gain,0.5,100,0,50.0,0.0,False,gamble
P016,13,3,gain,0.1,100,0,20.0,10.0,False,certain
P025,29,26,loss,0.75,0,100,-65.0,-10.0,False,gamble
P032,9,8,gain,0.5,100,0,50.0,0.0,False,certain
P039,2,6,gain,0.25,100,0,35.0,10.0,False,gamble
P047,31,2,gain,0.1,100,0,10.0,0.0,False,certain
P057,7,16,gain,0.5,100,0,120.0,,True,certain
P032,5,24,loss,0.5,0,100,-50.0,0.0,False,certain
P055,20,15,gain,0.9,100,0,100.0,10.0,False,gamble
P009,9,18,loss,0.1,0,100,-10.0,0.0,False,gamble
P009,32,14,gain,0.9,100,0,90.0,0.0,False,certain
P060,8,25,loss,0.5,0,100,-60.0,10.0,False,gamble
P049,3,17,loss,0.1,0,100,0.0,-10.0,False,certain
P012,4,9,gain,0.5,100,0,60.0,10.0,False,certain
P048,19,1,gain,0.1,100,0,0.0,-10.0,False,gamble
P038,10,13,gain,0.9,100,0,80.0,-10.0,False,certain
P042,14,6,gain,0.25,100,0,35.0,10.0,False,gamble
P013,10,14,gain,0.9,100,0,90.0,0.0,False,certain
P019,21,17,loss,0.1,0,100,0.0,-10.0,False,certain
P044,19,14,gain,0.9,100,0,90.0,0.0,False,gamble
P018,30,15,gain,0.9,100,0,100.0,10.0,False,gamble
P040,28,19,loss,0.1,0,100,-20.0,10.0,False,gamble
P005,19,31,loss,0.9,0,100,-100.0,10.0,False,gamble
P001,17,28,loss,0.75,0,100,-85.0,10.0,False,gamble
P045,11,6,gain,0.25,100,0,35.0,10.0,False,certain
P050,22,21,loss,0.25,0,100,-25.0,0.0,False,certain
P033,29,25,loss,0.5,0,100,-60.0,10.0,False,gamble
P002,28,27,loss,0.75,0,100,-75.0,0.0,False,certain
P045,24,19,loss,0.1,0,100,-20.0,10.0,False,gamble
P055,19,5,gain,0.25,100,0,25.0,0.0,False,gamble
P006,7,19,loss,0.1,0,100,-20.0,10.0,False,gamble
P038,24,8,gain,0.5,100,0,50.0,0.0,False,gamble
P033,20,13,gain,0.9,100,0,80.0,-10.0,False,certain
P055,4,18,loss,0.1,0,100,-10.0,0.0,False,certain
P047,2,7,gain,0.5,100,0,40.0,-10.0,False,certain
P012,30,27,loss,0.75,0,100,-75.0,0.0,False,certain
P036,31,5,gain,0.25,100,0,25.0,0.0,False,certain
P053,7,32,loss,0.5,0,100,0.0,,True,certain
P036,1,24,loss,0.5,0,100,-50.0,0.0,False,gamble
P049,19,5,gain,0.25,100,0,25.0,0.0,False,gamble
P017,22,7,gain,0.5,100,0,40.0,-10.0,False,gamble
P011,15,28,loss,0.75,0,100,-85.0,10.0,False,gamble
P026,26,26,loss,0.75,0,100,-65.0,-10.0,False,certain
P041,4,28,loss,0.75,0,100,-85.0,10.0,False,certain
P020,24,29,loss,0.9,0,100,,-10.0,False,certain
P021,3,13,gain,0.9,100,0,80.0,-10.0,False,gamble
P044,12,29,loss,0.9,0,100,-80.0,-10.0,False,certain
P028,3,15,gain,0.9,100,0,100.0,10.0,False,gamble
P047,7,17,loss,0.1,0,100,0.0,-10.0,False,certain
P015,7,16,gain,0.5,100,0,120.0,,True,certain
P048,26,26,loss,0.75,0,100,-65.0,-10.0,False,certain
P001,26,17,loss,0.1,0,100,0.0,-10.0,False,certain
P023,16,2,gain,0.1,100,0,10.0,0.0,False,gamble
P032,17,26,loss,0.75,0,100,-65.0,-10.0,False,certain
P030,3,18,loss,0.1,0,100,-10.0,0.0,False,certain
P009,10,8,gain,0.5,100,0,50.0,0.0,False,gamble
P060,25,10,gain,0.75,100,0,65.0,-10.0,False,gamble
P016,26,20,loss,0.25,0,100,-15.0,-10.0,False,certain
P036,7,20,loss,0.25,0,100,-15.0,-10.0,False,certain
P016,14,30,loss,0.9,0,100,-90.0,0.0,False,gamble
P021,30,15,gain,0.9,100,0,100.0,10.0,False,gamble
P001,5,14,gain,0.9,100,0,90.0,0.0,False,certain
P058,11,18,loss,0.1,0,100,-10.0,0.0,False,certain
P056,5,27,loss,0.75,0,100,-75.0,0.0,False,gamble
P054,12,28,loss,0.75,0,100,-85.0,10.0,False,gamble
P009,29,2,gain,0.1,100,0,10.0,0.0,False,gamble
P058,12,17,loss,0.1,0,100,0.0,-10.0,False,certain
P004,6,24,loss,0.5,0,100,-50.0,0.0,False,certain
P006,21,17,loss,0.1,0,100,0.0,-10.0,False,gamble
P053,12,22,loss,0.25,0,100,-35.0,10.0,False,certain
P035,23,12,gain,0.75,100,0,85.0,10.0,False,gamble
P049,32,19,loss,0.1,0,100,-20.0,10.0,False,gamble
P050,24,7,gain,0.5,100,0,40.0,-10.0,False,gamble
P024,17,28,loss,0.75,0,100,-85.0,10.0,False,gamble
P055,31,13,gain,0.9,100,0,80.0,-10.0,False,gamble
P041,11,14,gain,0.9,100,0,90.0,0.0,False,gamble
P040,1,16,gain,0.5,100,0,120.0,,True,certain
P005,20,14,gain,0.9,100,0,90.0,0.0,False,certain
P046,21,13,gain,0.9,100,0,80.0,-10.0,False,gamble
P026,19,21,loss,0.25,0,100,-25.0,0.0,False,gamble
P050,32,5,gain,0.25,100,0,25.0,0.0,False,certain
P049,26,13,gain,0.9,100,0,80.0,-10.0,False,gamble
P005,17,13,gain,0.9,100,0,80.0,-10.0,False,gamble
P003,23,26,loss,0.75,0,100,-65.0,-10.0,False,gamble
P003,10,28,loss,0.75,0,100,-85.0,10.0,False,certain
P021,31,30,loss,0.9,0,100,-90.0,0.0,False,gamble
P023,14,25,loss,0.5,0,100,-60.0,10.0,False,gamble
P054,19,22,loss,0.25,0,100,-35.0,10.0,False,gamble
P029,9,10,gain,0.75,100,0,65.0,-10.0,False,gamble
P033,5,10,gain,0.75,100,0,65.0,-10.0,False,certain
P028,30,14,gain,0.9,100,0,90.0,0.0,False,certain
P007,20,31,loss,0.9,0,100,-100.0,10.0,False,gamble
P009,8,6,gain,0.25,100,0,35.0,10.0,False,certain
P037,24,25,loss,0.5,0,100,-60.0,10.0,False,gamble
P001,29,4,gain,0.25,100,0,15.0,-10.0,False,gamble
P049,31,9,gain,0.5,100,0,60.0,10.0,False,gamble
P057,9,22,loss,0.25,0,100,-35.0,10.0,False,certain
P049,4,7,gain,0.5,100,0,40.0,-10.0,False,gamble
P010,10,22,loss,0.25,0,100,-35.0,10.0,False,gamble
P059,5,25,loss,0.5,0,100,-60.0,10.0,False,gamble
P010,30,24,loss,0.5,0,100,-50.0,0.0,False,certain
P029,1,3,gain,0.1,100,0,20.0,10.0,False,certain
P028,25,24,loss,0.5,0,100,-50.0,0.0,False,gamble
P042,27,25,loss,0.5,0,100,-60.0,10.0,False,gamble
P038,30,4,gain,0.25,100,0,15.0,-10.0,False,certain
P043,30,9,gain,0.5,100,0,60.0,10.0,False,certain
P007,2,25,loss,0.5,0,100,-60.0,10.0,False,certain
P047,5,5,gain,0.25,100,0,25.0,0.0,False,certain
P028,32,8,gain,0.5,100,0,50.0,0.0,False,certain
P048,11,25,loss,0.5,0,100,-60.0,10.0,False,gamble
P026,6,32,loss,0.5,0,100,0.0,,True,certain
P052,32,1,gain,0.1,100,0,0.0,-10.0,False,certain
P037,3,3,gain,0.1,100,0,20.0,10.0,False,gamble
P033,4,9,gain,0.5,100,0,60.0,10.0,False,certain
P042,1,13,gain,0.9,100,0,80.0,-10.0,False,certain
P007,30,6,gain,0.25,100,0,35.0,10.0,False,gamble
P037,30,12,gain,0.75,100,0,85.0,10.0,False,gamble
P007,8,32,loss,0.5,0,100,0.0,,True,certain
P018,22,26,loss,0.75,0,100,-65.0,-10.0,False,certain
P054,23,29,loss,0.9,0,100,-80.0,-10.0,False,gamble
P041,25,30,loss,0.9,0,100,-90.0,0.0,False,gamble
P028,22,25,loss,0.5,0,100,-60.0,10.0,False,gamble
P031,26,17,loss,0.1,0,100,0.0,-10.0,False,certain
P016,19,10,gain,0.75,100,0,65.0,-10.0,False,gamble
P046,23,7,gain,0.5,100,0,40.0,-10.0,False,gamble
P053,17,5,gain,0.25,100,0,25.0,0.0,False,gamble
P010,6,6,gain,0.25,100,0,35.0,10.0,False,certain
P035,24,11,gain,0.75,100,0,75.0,0.0,False,certain
P040,14,24,loss,0.5,0,100,-50.0,0.0,False,certain
P059,25,10,gain,0.75,100,0,65.0,-10.0,False,gamble
P033,8,1,gain,0.1,100,0,0.0,-10.0,False,gamble
P025,15,25,loss,0.5,0,100,-60.0,10.0,False,gamble
P057,22,20,loss,0.25,0,100,-15.0,-10.0,False,certain
P005,30,27,loss,0.75,0,100,-75.0,0.0,False,certain
P054,2,25,loss,0.5,0,100,-60.0,10.0,False,certain
P007,18,23,loss,0.5,0,100,-40.0,-10.0,False,certain
P050,6,23,loss,0.5,0,100,-40.0,-10.0,False,certain
P027,26,11,gain,0.75,100,0,75.0,0.0,False,gamble
P039,23,9,gain,0.5,100,0,60.0,10.0,False,gamble
P040,15,18,loss,0.1,0,100,-10.0,0.0,False,certain
P051,20,14,gain,0.9,100,0,90.0,0.0,False,certain
P060,22,7,gain,0.5,100,0,40.0,-10.0,False,gamble
P038,26,22,loss,0.25,0,100,-35.0,10.0,False,gamble
P030,7,13,gain,0.9,100,0,80.0,-10.0,False,gamble
P018,14,13,gain,0.9,100,0,80.0,-10.0,False,gamble
P018,23,32,loss,0.5,0,100,0.0,,True,certain
P033,15,20,loss,0.25,0,100,-15.0,-10.0,False,gamble
P051,3,32,loss,0.5,0,100,0.0,,True,certain
P052,6,4,gain,0.25,100,0,15.0,-10.0,False,gamble
P011,20,19,loss,0.1,0,100,-20.0,10.0,False,gamble
P034,1,13,gain,0.9,100,0,80.0,-10.0,False,gamble
P006,22,3,gain,0.1,100,0,20.0,10.0,False,certain
P043,19,30,loss,0.9,0,100,-90.0,0.0,False,gamble
P032,23,23,loss,0.5,0,100,-40.0,-10.0,False,certain
P035,8,20,loss,0.25,0,100,-15.0,-10.0,False,certain
P058,9,19,loss,0.1,0,100,-20.0,10.0,False,certain
P059,23,24,loss,0.5,0,100,-50.0,0.0,False,gamble
P052,19,21,loss,0.25,0,100,-25.0,0.0,False,gamble
P011,3,20,loss,0.25,0,100,-15.0,-10.0,False,certain
P014,5,26,loss,0.75,0,100,-65.0,-10.0,False,gamble
P016,11,14,gain,0.9,100,0,90.0,0.0,False,gamble
P007,6,3,gain,0.1,100,0,20.0,10.0,False,gamble
P042,30,28,loss,0.75,0,100,-85.0,10.0,False,gamble
P041,30,13,gain,0.9,100,0,80.0,-10.0,False,certain
P002,15,3,gain,0.1,100,0,20.0,10.0,False,gamble
P029,8,24,loss,0.5,0,100,-50.0,0.0,False,certain
P049,7,23,loss,0.5,0,100,-40.0,-10.0,False,certain
P034,30,30,loss,0.9,0,100,-90.0,0.0,False,certain
P025,20,17,loss,0.1,0,100,0.0,-10.0,False,certain
P023,5,21,loss,0.25,0,100,-25.0,0.0,False,certain
P028,21,4,gain,0.25,100,0,15.0,-10.0,False,gamble
P012,22,19,loss,0.1,0,100,-20.0,10.0,False,gamble
P029,7,7,gain,0.5,100,0,40.0,-10.0,False,gamble
P040,3,31,loss,0.9,0,100,-100.0,10.0,False,gamble
P034,20,6,gain,0.25,100,0,35.0,10.0,False,gamble
P044,9,25,loss,0.5,0,100,-60.0,10.0,False,gamble
P031,20,26,loss,0.75,0,100,-65.0,-10.0,False,certain
P058,3,24,loss,0.5,0,100,-50.0,0.0,False,certain
P010,13,19,loss,0.1,0,100,-20.0,10.0,False,gamble
P042,32,11,gain,0.75,100,0,75.0,0.0,False,gamble
P058,17,4,gain,0.25,100,0,15.0,-10.0,False,gamble
P016,25,27,loss,0.75,0,100,-75.0,0.0,False,gamble
P040,2,21,loss,0.25,0,100,-25.0,0.0,False,certain
P018,19,30,loss,0.9,0,100,-90.0,0.0,False,certain
P059,12,5,gain,0.25,100,0,25.0,0.0,False,certain
P006,16,27,loss,0.75,0,100,-75.0,0.0,False,certain
P045,2,5,gain,0.25,100,0,25.0,0.0,False,certain
P059,19,4,gain,0.25,100,0,15.0,-10.0,False,gamble
P047,16,6,gain,0.25,100,0,35.0,10.0,False,certain
P031,25,8,gain,0.5,100,0,50.0,0.0,False,gamble
P036,32,19,loss,0.1,0,100,-20.0,10.0,False,certain
P040,11,8,gain,0.5,100,0,50.0,0.0,False,certain
P043,7,14,gain,0.9,100,0,90.0,0.0,False,gamble
P022,32,26,loss,0.75,0,100,-65.0,-10.0,False,gamble
P019,15,23,loss,0.5,0,100,-40.0,-10.0,False,gamble
P005,10,28,loss,0.75,0,100,-85.0,10.0,False,gamble
P001,6,21,loss,0.25,0,100,-25.0,0.0,False,gamble
P012,23,15,gain,0.9,100,0,100.0,10.0,False,certain
P058,4,27,loss,0.75,0,100,-75.0,0.0,False,certain
P002,19,30,loss,0.9,0,100,-90.0,0.0,False,certain
P058,26,28,loss,0.75,0,100,-85.0,10.0,False,gamble
P033,30,8,gain,0.5,100,0,50.0,0.0,False,gamble
P041,9,17,loss,0.1,0,100,0.0,-10.0,False,gamble
P026,2,1,gain,0.1,100,0,0.0,-10.0,False,certain
P050,12,4,gain,0.25,100,0,15.0,-10.0,False,gamble
P009,11,24,loss,0.5,0,100,-50.0,0.0,False,gamble
P015,17,10,gain,0.75,100,0,65.0,-10.0,False,certain
P038,23,16,gain,0.5,100,0,120.0,,True,gamble
P015,31,21,loss,0.25,0,100,-25.0,0.0,False,gamble
P041,18,9,gain,0.5,100,0,60.0,10.0,False,certain
P060,5,19,loss,0.1,0,100,-20.0,10.0,False,gamble
P037,9,15,gain,0.9,100,0,100.0,10.0,False,gamble
P002,6,10,gain,0.75,100,0,65.0,-10.0,False,gamble
P010,2,25,loss,0.5,0,100,-60.0,10.0,False,gamble
P004,31,30,loss,0.9,0,100,-90.0,0.0,False,gamble
P047,19,32,loss,0.5,0,100,0.0,,True,certain
P003,17,7,gain,0.5,100,0,40.0,-10.0,False,certain
P046,31,14,gain,1.4,100,0,90.0,0.0,False,gamble
P044,20,31,loss,0.9,0,100,-100.0,10.0,False,gamble
P055,28,12,gain,0.75,100,0,85.0,10.0,False,certain
P026,5,25,loss,0.5,0,100,-60.0,10.0,False,gamble
P026,24,27,loss,0.75,0,100,-75.0,0.0,False,gamble
P007,25,1,gain,0.1,100,0,0.0,-10.0,False,gamble
P018,11,20,loss,0.25,0,100,-15.0,-10.0,False,certain
P042,16,5,gain,0.25,100,0,25.0,0.0,False,gamble
P029,30,14,gain,0.9,100,0,90.0,0.0,False,gamble
P023,3,10,gain,0.75,100,0,65.0,-10.0,False,gamble
P035,25,2,gain,0.1,100,0,10.0,0.0,False,gamble
P023,12,28,loss,0.75,0,100,-85.0,10.0,False,certain
P027,15,16,gain,0.5,100,0,120.0,,True,certain
P056,25,29,loss,0.9,0,100,-80.0,-10.0,False,certain
P051,23,15,gain,0.9,100,0,100.0,10.0,False,gamble
P054,28,3,gain,0.1,100,0,20.0,10.0,False,certain
P039,19,20,loss,0.25,0,100,-15.0,-10.0,False,gamble
P045,30,31,loss,0.9,0,100,-100.0,10.0,False,gamble
P003,24,23,loss,0.5,0,100,-40.0,-10.0,False,gamble
P026,1,11,gain,0.75,100,0,75.0,0.0,False,gamble
P039,13,27,loss,0.75,0,100,-75.0,0.0,False,certain
P024,9,30,loss,0.9,0,100,-90.0,0.0,False,certain
P008,27,28,loss,0.75,0,100,-85.0,10.0,False,gamble
P035,29,16,gain,0.5,100,0,120.0,,True,certain
P032,20,30,loss,0.9,0,100,-90.0,0.0,False,certain
P026,25,17,loss,0.1,0,100,0.0,-10.0,False,certain
P048,8,28,loss,0.75,0,100,-85.0,10.0,False,gamble
P005,21,25,loss,0.5,0,100,-60.0,10.0,False,gamble
P016,20,16,gain,0.5,100,0,120.0,,True,gamble
P036,8,1,gain,0.1,100,0,0.0,-10.0,False,gamble
P021,21,29,loss,0.9,0,100,-80.0,-10.0,False,certain
P010,31,28,loss,0.75,0,100,-85.0,10.0,False,gamble
P020,7,8,gain,0.5,100,0,50.0,0.0,False,certain
P052,3,30,loss,0.9,0,100,-90.0,0.0,False,certain
P019,22,28,loss,0.75,0,100,-85.0,10.0,False,gamble
P054,27,15,gain,0.9,100,0,100.0,10.0,False,gamble
P036,21,30,loss,0.9,0,100,-90.0,0.0,False,gamble
P057,19,15,gain,0.9,100,0,100.0,10.0,False,gamble
P030,11,22,loss,0.25,0,100,-35.0,10.0,False,certain
P054,4,24,loss,0.5,0,100,-50.0,0.0,False,certain
P026,17,16,gain,0.5,100,0,120.0,,True,gamble
P012,10,14,gain,0.9,100,0,90.0,0.0,False,certain
P022,21,27,loss,0.75,0,100,-75.0,0.0,False,certain
P032,15,4,gain,0.25,100,0,15.0,-10.0,False,gamble
P019,4,31,loss,0.9,0,100,-100.0,10.0,False,gamble
P002,3,32,loss,0.5,0,100,0.0,,True,certain
P035,7,25,loss,0.5,0,100,-60.0,10.0,False,certain
P031,32,11,gain,0.75,100,0,75.0,0.0,False,gamble
P043,2,20,loss,0.25,0,100,-15.0,-10.0,False,certain
P004,29,32,loss,0.5,0,100,0.0,,True,certain
P032,4,29,loss,0.9,0,100,-80.0,-10.0,False,gamble
P029,12,27,loss,0.75,0,100,-75.0,0.0,False,certain
P059,31,1,gain,0.1,100,0,0.0,-10.0,False,gamble
P020,13,19,loss,0.1,0,100,-20.0,10.0,False,certain
P054,31,8,gain,0.5,100,0,50.0,0.0,False,gamble
P019,22,28,loss,0.75,0,100,-85.0,10.0,False,gamble
P024,15,6,gain,0.25,100,0,35.0,10.0,False,
P057,18,26,loss,0.75,0,100,-65.0,-10.0,False,certain
P002,9,24,loss,0.5,0,100,-50.0,0.0,False,certain
P005,26,21,loss,0.25,0,100,-25.0,0.0,False,gamble
P054,25,14,gain,0.9,100,0,90.0,0.0,False,certain
P013,26,29,loss,0.9,0,100,-80.0,-10.0,False,certain
P055,29,24,loss,0.5,0,100,-50.0,0.0,False,certain
P028,23,6,gain,0.25,100,0,35.0,10.0,False,certain
P017,4,4,gain,0.25,100,0,15.0,-10.0,False,gamble
P031,19,23,loss,0.5,0,100,-40.0,-10.0,False,certain
P034,15,28,loss,0.75,0,100,-85.0,10.0,False,certain
P012,20,16,gain,0.5,100,0,120.0,,True,certain
P032,24,28,loss,0.75,0,100,-85.0,10.0,False,gamble
P050,10,9,gain,0.5,100,0,60.0,10.0,False,gamble
P026,7,23,loss,0.5,0,100,-40.0,-10.0,False,gamble
P002,17,11,gain,0.75,100,0,75.0,0.0,False,gamble
P038,17,12,gain,0.75,100,0,85.0,10.0,False,certain
P040,32,12,gain,0.75,100,0,85.0,10.0,False,gamble
P021,10,5,gain,0.25,100,0,25.0,0.0,False,gamble
P036,28,8,gain,0.5,100,0,50.0,0.0,False,certain
P004,19,21,loss,0.25,0,100,-25.0,0.0,False,gamble
P019,6,15,gain,0.9,100,0,100.0,10.0,False,certain
P036,9,2,gain,0.1,100,0,10.0,0.0,False,certain
P052,31,19,loss,0.1,0,100,-20.0,10.0,False,gamble
P041,22,26,loss,0.75,0,100,-65.0,-10.0,False,certain
P012,5,1,gain,0.1,100,0,0.0,-10.0,False,gamble
P008,5,19,loss,0.1,0,100,-20.0,10.0,False,gamble
P020,9,22,loss,0.25,0,100,-35.0,10.0,False,gamble
P003,9,11,gain,0.75,100,0,75.0,0.0,False,gamble
P010,3,4,gain,0.25,100,0,15.0,-10.0,False,gamble
P044,7,18,loss,0.1,0,100,-10.0,0.0,False,certain
P015,28,7,gain,0.5,100,0,40.0,-10.0,False,gamble
P006,10,31,loss,0.9,0,100,-100.0,10.0,False,certain
P008,13,7,gain,0.5,100,0,40.0,-10.0,False,certain
P059,3,8,gain,0.5,100,0,50.0,0.0,False,certain
P034,12,31,loss,0.9,0,100,-100.0,10.0,False,gamble
P008,24,1,gain,0.1,100,0,0.0,-10.0,False,gamble
P042,3,30,loss,0.9,0,100,-90.0,0.0,False,gamble
P005,23,2,gain,0.1,100,0,10.0,0.0,False,certain
P014,28,8,gain,0.5,100,0,50.0,0.0,False,gamble
P013,24,7,gain,0.5,100,0,40.0,-10.0,False,certain
P053,19,26,loss,0.75,0,100,-65.0,-10.0,False,certain
P036,22,23,loss,0.5,0,100,-40.0,-10.0,False,certain
P046,30,30,loss,0.9,0,100,-90.0,0.0,False,certain
P019,11,30,loss,0.9,0,100,-90.0,0.0,False,gamble
P046,12,8,gain,0.5,100,0,50.0,0.0,False,gamble
P056,26,9,gain,0.5,100,0,60.0,10.0,False,certain
P011,5,17,loss,0.1,0,100,0.0,-10.0,False,certain
P004,4,17,loss,0.1,0,100,0.0,-10.0,False,certain
P011,31,18,loss,0.1,0,100,-10.0,0.0,False,gamble
P053,24,15,gain,0.9,100,0,100.0,10.0,False,certain
P030,26,2,gain,0.1,100,0,10.0,0.0,False,gamble
P014,7,1,gain,0.1,100,0,0.0,-10.0,False,gamble
P039,10,2,gain,0.1,100,0,10.0,0.0,False,gamble
P040,12,13,gain,0.9,100,0,80.0,-10.0,False,gamble
P006,29,24,loss,0.5,0,100,-50.0,0.0,False,certain
P054,29,26,loss,0.75,0,100,-65.0,-10.0,False,certain
P013,28,17,loss,0.1,0,100,0.0,-10.0,False,certain
P057,24,10,gain,0.75,100,0,65.0,-10.0,False,gamble
P014,10,11,gain,0.75,100,0,75.0,0.0,False,certain
P006,1,26,loss,0.75,0,100,-65.0,-10.0,False,certain
P001,31,23,loss,0.5,0,100,-40.0,-10.0,False,certain
P038,27,1,gain,0.1,100,0,0.0,-10.0,False,gamble
P005,4,19,loss,0.1,0,100,-20.0,10.0,False,gamble
P004,26,22,loss,0.25,0,100,-35.0,10.0,False,gamble
P054,7,4,gain,0.25,100,0,15.0,-10.0,False,gamble
P042,12,1,gain,0.1,100,0,0.0,-10.0,False,
P009,13,23,loss,0.5,0,100,-40.0,-10.0,False,certain
P015,24,24,loss,0.5,0,100,-50.0,0.0,False,gamble
P025,3,4,gain,0.25,100,0,15.0,-10.0,False,certain
P022,15,29,loss,0.9,0,100,-80.0,-10.0,False,certain
P007,17,19,loss,0.1,0,100,-20.0,10.0,False,certain
P037,18,2,gain,0.1,100,0,10.0,0.0,False,gamble
P004,16,7,gain,0.5,100,0,40.0,-10.0,False,certain
P055,3,14,gain,0.9,100,0,90.0,0.0,False,gamble
P034,14,10,gain,0.75,100,0,65.0,-10.0,False,gamble
P042,18,12,gain,0.75,100,0,85.0,10.0,False,certain
P022,22,2,gain,0.1,100,0,10.0,0.0,False,gamble
P028,6,12,gain,0.75,100,0,85.0,10.0,False,certain
P040,16,20,loss,0.25,0,100,-15.0,-10.0,False,certain
P005,7,12,gain,0.75,100,0,85.0,10.0,False,certain
P028,13,10,gain,0.75,100,0,65.0,-10.0,False,gamble
P009,16,19,loss,0.1,0,100,-20.0,10.0,False,gamble
P043,1,5,gain,0.25,100,0,25.0,0.0,False,gamble
P013,6,2,gain,0.1,100,0,10.0,0.0,False,certain
P008,9,6,gain,0.25,100,0,35.0,10.0,False,certain
P035,32,26,loss,0.75,0,100,-65.0,-10.0,False,certain
P008,16,12,gain,0.75,100,0,85.0,10.0,False,gamble
P043,8,1,gain,0.1,100,0,0.0,-10.0,False,gamble
P023,6,15,gain,0.9,100,0,100.0,10.0,False,certain
P015,10,2,gain,0.1,100,0,10.0,0.0,False,gamble
P037,20,6,gain,0.25,100,0,35.0,10.0,False,certain
P008,23,26,loss,0.75,0,100,-65.0,-10.0,False,certain
P007,3,4,gain,0.25,100,0,15.0,-10.0,False,gamble
P022,7,4,gain,0.25,100,0,15.0,-10.0,False,certain
P059,11,16,gain,0.5,100,0,120.0,,True,gamble
P054,24,18,loss,0.1,0,100,-10.0,0.0,False,certain
P050,13,13,gain,0.9,100,0,80.0,-10.0,False,certain
P010,17,23,loss,0.5,0,100,-40.0,-10.0,False,certain
P030,32,1,gain,0.1,100,0,0.0,-10.0,False,gamble
P043,27,12,gain,0.75,100,0,85.0,10.0,False,certain
P023,15,31,loss,0.9,0,100,-100.0,10.0,False,gamble
P021,9,22,loss,0.25,0,100,-35.0,10.0,False,gamble
P044,15,30,loss,0.9,0,100,-90.0,0.0,False,gamble
P035,29,16,gain,0.5,100,0,120.0,,True,certain
P039,8,30,loss,0.9,0,100,-90.0,0.0,False,certain
P015,11,14,gain,0.9,100,0,90.0,0.0,False,certain
P031,12,10,gain,0.75,100,0,65.0,-10.0,False,gamble
P040,19,25,loss,0.5,0,100,-60.0,10.0,False,gamble
P006,3,23,loss,0.5,0,100,-40.0,-10.0,False,
P037,17,28,loss,0.75,0,100,-85.0,10.0,False,certain
P053,3,30,loss,0.9,0,100,-90.0,0.0,False,certain
P049,13,27,loss,0.75,0,100,-75.0,0.0,False,certain
P053,13,4,gain,0.25,100,0,15.0,-10.0,False,gamble
P016,8,5,gain,0.25,100,0,25.0,0.0,False,gamble
P027,10,5,gain,0.25,100,0,25.0,0.0,False,certain
P011,8,4,gain,0.25,100,0,15.0,-10.0,False,gamble
P030,6,7,gain,0.5,100,0,40.0,-10.0,False,gamble
P012,26,29,loss,0.9,0,100,-80.0,-10.0,False,gamble
P016,30,11,gain,0.75,100,0,75.0,0.0,False,gamble
P027,28,1,gain,0.1,100,0,0.0,-10.0,False,gamble
P008,21,20,loss,0.25,0,100,-15.0,-10.0,False,certain
P011,2,27,loss,0.75,0,100,-75.0,0.0,False,certain
P019,28,29,loss,0.9,0,100,-80.0,-10.0,False,gamble
P004,12,4,gain,0.25,100,0,15.0,-10.0,False,gamble
P014,12,30,loss,0.9,0,100,-90.0,0.0,False,certain
P047,28,15,gain,0.9,100,0,100.0,10.0,False,certain
P038,21,3,gain,0.1,100,0,20.0,10.0,False,gamble
P019,3,7,gain,0.5,100,0,40.0,-10.0,False,gamble
P020,3,16,gain,0.5,100,0,120.0,,True,certain
P001,7,10,gain,0.75,100,0,65.0,-10.0,False,gamble
P020,8,20,loss,0.25,0,100,-15.0,-10.0,False,certain
P044,22,16,gain,0.5,100,0,120.0,,True,certain
P046,14,10,gain,0.75,100,0,65.0,-10.0,False,certain
P030,29,15,gain,0.9,100,0,100.0,10.0,False,gamble
P041,3,21,loss,0.25,0,100,-25.0,0.0,False,certain
P055,9,17,loss,0.1,0,100,0.0,-10.0,False,certain
P019,31,20,loss,0.25,0,100,-15.0,-10.0,False,certain
P021,32,25,loss,0.5,0,100,-60.0,10.0,False,certain
P053,14,19,loss,0.1,0,100,-20.0,10.0,False,gamble
P042,7,8,gain,0.5,100,0,50.0,0.0,False,gamble
P008,12,10,gain,0.75,100,0,65.0,-10.0,False,gamble
P029,32,6,gain,0.25,100,0,35.0,10.0,False,certain
P058,5,7,gain,0.5,100,0,40.0,-10.0,False,gamble
P055,26,32,loss,0.5,0,100,0.0,,True,certain
P011,24,26,loss,0.75,0,100,-65.0,-10.0,False,certain
P024,8,4,gain,0.25,100,0,15.0,-10.0,False,gamble
P046,25,18,loss,0.1,0,100,-10.0,0.0,False,certain
P026,12,9,gain,0.5,100,0,60.0,10.0,False,certain
P035,10,30,loss,0.9,0,100,-90.0,0.0,False,gamble
P042,6,15,gain,0.9,100,0,100.0,10.0,False,gamble
P020,28,2,gain,0.1,100,0,10.0,0.0,False,gamble
P046,19,32,loss,0.5,0,100,0.0,,True,certain
P010,14,32,loss,0.5,0,100,0.0,,True,certain
P055,1,11,gain,0.75,100,0,75.0,0.0,False,gamble
P050,7,26,loss,0.75,0,100,-65.0,-10.0,False,certain
P027,25,25,loss,0.5,0,100,-60.0,10.0,False,gamble
P049,21,15,gain,0.9,100,0,100.0,10.0,False,gamble
P012,6,21,loss,0.25,0,100,-25.0,0.0,False,certain
P048,15,21,loss,0.25,0,100,-25.0,0.0,False,certain
P017,18,13,gain,0.9,100,0,80.0,-10.0,False,certain
P017,25,28,loss,0.75,0,100,-85.0,10.0,False,gamble
P039,22,24,loss,0.5,0,100,-50.0,0.0,False,certain
P028,7,20,loss,0.25,0,100,-15.0,-10.0,False,gamble
P046,20,4,gain,0.25,100,0,15.0,-10.0,False,gamble
P046,15,29,loss,0.9,0,100,-80.0,-10.0,False,certain
P031,17,12,gain,0.75,100,0,85.0,10.0,False,certain
P001,2,20,loss,0.25,0,100,-15.0,-10.0,False,certain
P011,16,30,loss,0.9,0,100,-90.0,0.0,False,certain
P046,11,22,loss,0.25,0,100,-35.0,10.0,False,gamble
P054,30,7,gain,0.5,100,0,40.0,-10.0,False,gamble
P022,14,1,gain,0.1,100,0,0.0,-10.0,False,certain
P059,24,22,loss,0.25,0,100,-35.0,10.0,False,certain
P057,20,19,loss,0.1,0,100,-20.0,10.0,False,certain
P050,16,16,gain,0.5,100,0,120.0,,True,certain
P027,7,22,loss,0.25,0,100,-35.0,10.0,False,gamble
P006,28,9,gain,0.5,100,0,60.0,10.0,False,gamble
P058,16,9,gain,0.5,100,0,60.0,10.0,False,gamble
P008,8,21,loss,0.25,0,100,-25.0,0.0,False,certain
P049,18,29,loss,0.9,0,100,-80.0,-10.0,False,certain
P029,5,5,gain,0.25,100,0,25.0,0.0,False,certain
P008,25,17,loss,0.1,0,100,0.0,-10.0,False,certain
P027,12,9,gain,0.5,100,0,60.0,10.0,False,certain
P029,26,28,loss,0.75,0,100,-85.0,10.0,False,gamble
P051,5,1,gain,0.1,100,0,0.0,-10.0,False,gamble
P033,31,28,loss,0.75,0,100,-85.0,10.0,False,certain
P051,11,29,loss,0.9,0,100,-80.0,-10.0,False,certain
P028,29,26,loss,0.75,0,100,-65.0,-10.0,False,certain
P028,11,19,loss,0.1,0,100,-20.0,10.0,False,gamble
P006,27,6,gain,0.25,100,0,35.0,10.0,False,certain
P024,10,21,loss,0.25,0,100,-25.0,0.0,False,certain
P023,27,9,gain,0.5,100,0,60.0,10.0,False,gamble
P037,28,5,gain,0.25,100,0,25.0,0.0,False,certain
P019,25,18,loss,0.1,0,100,-10.0,0.0,False,certain
P059,9,31,loss,0.9,0,100,-100.0,10.0,False,certain
P035,1,17,loss,0.1,0,100,0.0,-10.0,False,certain
P008,29,30,loss,0.9,0,100,-90.0,0.0,False,certain
P049,11,1,gain,0.1,100,0,0.0,-10.0,False,gamble
P054,4,24,loss,0.5,0,100,-50.0,0.0,False,certain
P010,29,29,loss,0.9,0,100,-80.0,-10.0,False,certain
P027,19,24,loss,0.5,0,100,-50.0,0.0,False,certain
P021,17,4,gain,0.25,100,0,15.0,-10.0,False,gamble
P004,28,29,loss,0.9,0,100,-80.0,-10.0,False,certain
P030,15,24,loss,0.5,0,100,-50.0,0.0,False,certain
P036,14,12,gain,0.75,100,0,85.0,10.0,False,certain
P026,21,8,gain,0.5,100,0,50.0,0.0,False,certain
P024,21,31,loss,0.9,0,100,-100.0,10.0,False,gamble
P017,6,29,loss,0.9,0,100,-80.0,-10.0,False,certain
P032,18,32,loss,0.5,0,100,0.0,,True,certain
P008,20,29,loss,0.9,0,100,-80.0,-10.0,False,certain
P039,3,22,loss,0.25,0,100,-35.0,10.0,False,gamble
P015,1,19,loss,0.1,0,100,-20.0,10.0,False,gamble
P039,29,26,loss,0.75,0,100,-65.0,-10.0,False,certain
P041,24,10,gain,0.75,100,0,65.0,-10.0,False,gamble
P038,9,18,loss,0.1,0,100,-10.0,0.0,False,gamble
P020,1,26,loss,0.75,0,100,-65.0,-10.0,False,certain
P040,6,1,gain,0.1,100,0,0.0,-10.0,False,gamble
P037,4,4,gain,0.25,100,0,15.0,-10.0,False,gamble
P015,30,22,loss,0.25,0,100,-35.0,10.0,False,gamble
P009,7,5,gain,0.25,100,0,25.0,0.0,False,gamble
P002,26,7,gain,0.5,100,0,40.0,-10.0,False,gamble
P014,14,19,loss,0.1,0,100,-20.0,10.0,False,certain
P008,26,31,loss,0.9,0,100,-100.0,10.0,False,gamble
P031,13,6,gain,0.25,100,0,35.0,10.0,False,certain
P001,20,13,gain,0.9,100,0,80.0,-10.0,False,gamble
P043,3,23,loss,0.5,0,100,-40.0,-10.0,False,certain
P060,20,18,loss,0.1,0,100,-10.0,0.0,False,gamble
P033,24,19,loss,0.1,0,100,-20.0,10.0,False,gamble
P024,24,23,loss,0.5,0,100,-40.0,-10.0,False,certain
P016,6,7,gain,0.5,100,0,40.0,-10.0,False,certain
P013,19,18,loss,0.1,0,100,-10.0,0.0,False,gamble
P033,32,18,loss,0.1,0,100,-10.0,0.0,False,certain
P012,2,6,gain,0.25,100,0,35.0,10.0,False,certain
P056,16,1,gain,0.1,100,0,0.0,-10.0,False,certain
P023,10,17,loss,0.1,0,100,0.0,-10.0,False,certain
P052,28,8,gain,0.5,100,0,50.0,0.0,False,gamble
P033,12,5,gain,0.25,100,0,25.0,0.0,False,gamble
P002,20,21,loss,0.25,0,100,-25.0,0.0,False,certain
P029,16,15,gain,0.9,100,0,100.0,10.0,False,certain
P035,20,3,gain,0.1,100,0,20.0,10.0,False,certain
P018,27,2,gain,0.1,100,0,10.0,0.0,False,certain
P021,28,21,loss,0.25,0,100,-25.0,0.0,False,certain
P022,18,24,loss,0.5,0,100,-50.0,0.0,False,gamble
P035,14,27,loss,0.75,0,100,-75.0,0.0,False,certain
P029,3,22,loss,0.25,0,100,-35.0,10.0,False,gamble
P049,17,25,loss,0.5,0,100,-60.0,10.0,False,certain
P057,3,1,gain,0.1,100,0,0.0,-10.0,False,gamble
P045,10,22,loss,0.25,0,100,-35.0,10.0,False,certain
P002,11,26,loss,0.75,0,100,-65.0,-10.0,False,certain
P052,30,20,loss,0.25,0,100,-15.0,-10.0,False,certain
P056,17,21,loss,0.25,0,100,-25.0,0.0,False,certain
P036,12,25,loss,0.5,0,100,-60.0,10.0,False,gamble
P045,12,30,loss,0.9,0,100,-90.0,0.0,False,gamble
P037,5,10,gain,0.75,100,0,65.0,-10.0,False,gamble
P047,4,20,loss,0.25,0,100,-15.0,-10.0,False,gamble
P012,12,31,loss,0.9,0,100,-100.0,10.0,False,gamble
P008,4,25,loss,0.5,0,100,-60.0,10.0,False,gamble
P029,13,13,gain,0.9,100,0,80.0,-10.0,False,certain
P044,1,6,gain,0.25,100,0,35.0,10.0,False,certain
P022,4,15,gain,0.9,100,0,100.0,10.0,False,certain
P053,20,9,gain,0.5,100,0,60.0,10.0,False,certain
P005,25,7,gain,0.5,100,0,40.0,-10.0,False,gamble
P012,1,10,gain,0.75,100,0,65.0,-10.0,False,gamble
P026,22,15,gain,0.9,100,0,100.0,10.0,False,gamble
P052,16,23,loss,0.5,0,100,-40.0,-10.0,False,gamble
P049,14,4,gain,0.25,100,0,15.0,-10.0,False,gamble
P004,24,13,gain,0.9,100,0,80.0,-10.0,False,certain
P048,1,30,loss,0.9,0,100,-90.0,0.0,False,gamble
P053,18,12,gain,0.75,100,0,85.0,10.0,False,gamble
P027,32,21,loss,0.25,0,100,-25.0,0.0,False,gamble
P045,8,9,gain,0.5,100,0,60.0,10.0,False,certain
P044,16,28,loss,0.75,0,100,-85.0,10.0,False,gamble
P017,31,11,gain,0.75,100,0,75.0,0.0,False,gamble
P059,22,23,loss,0.5,0,100,-40.0,-10.0,False,certain
P007,10,22,loss,0.25,0,100,-35.0,10.0,False,gamble
P043,10,24,loss,0.5,0,100,-50.0,0.0,False,certain
P003,1,9,gain,0.5,100,0,60.0,10.0,False,gamble
P031,31,5,gain,0.25,100,0,25.0,0.0,False,gamble
P006,19,13,gain,0.9,100,0,80.0,-10.0,False,gamble
P047,11,30,loss,0.9,0,100,-90.0,0.0,False,gamble
P034,13,7,gain,0.5,100,0,40.0,-10.0,False,gamble
P055,16,7,gain,0.5,100,0,40.0,-10.0,False,gamble
P034,16,4,gain,0.25,100,0,15.0,-10.0,False,gamble
P019,17,10,gain,0.75,100,0,65.0,-10.0,False,certain
P025,24,9,gain,0.5,100,0,60.0,10.0,False,gamble
P011,19,29,loss,0.9,0,100,-80.0,-10.0,False,certain
P027,20,20,loss,0.25,0,100,-15.0,-10.0,False,certain
P054,5,1,gain,0.1,100,0,0.0,-10.0,False,gamble
P012,9,3,gain,0.1,100,0,20.0,10.0,False,certain
P043,6,15,gain,0.9,100,0,100.0,10.0,False,certain
P056,19,25,loss,0.5,0,100,-60.0,10.0,False,gamble
P051,17,20,loss,0.25,0,100,-15.0,-10.0,False,certain
P019,12,13,gain,0.9,100,0,80.0,-10.0,False,gamble
P054,21,19,loss,0.1,0,100,-20.0,10.0,False,gamble
P022,31,12,gain,0.75,100,0,85.0,10.0,False,certain
P048,12,22,loss,0.25,0,100,-35.0,10.0,False,gamble
P040,23,28,loss,0.75,0,100,-85.0,10.0,False,gamble
P004,2,19,loss,0.1,0,100,-20.0,10.0,False,gamble
P009,28,25,loss,0.5,0,100,-60.0,10.0,False,gamble
P022,6,21,loss,0.25,0,100,-25.0,0.0,False,certain
P026,32,4,gain,0.25,100,0,15.0,-10.0,False,gamble
P049,15,2,gain,0.1,100,0,10.0,0.0,False,certain
P027,9,27,loss,0.75,0,100,-75.0,0.0,False,certain
P027,30,31,loss,0.9,0,100,-100.0,10.0,False,gamble
P060,7,29,loss,0.9,0,100,-80.0,-10.0,False,gamble
P014,27,32,loss,0.5,0,100,0.0,,True,certain
P039,1,19,loss,0.1,0,100,-20.0,10.0,False,certain
P006,4,14,gain,0.9,100,0,90.0,0.0,False,certain
P040,4,7,gain,0.5,100,0,40.0,-10.0,False,certain
P014,9,3,gain,0.1,100,0,20.0,10.0,False,certain
P032,6,10,gain,0.75,100,0,65.0,-10.0,False,gamble
P046,18,12,gain,0.75,100,0,85.0,10.0,False,certain
P047,29,14,gain,0.9,100,0,90.0,0.0,False,gamble
P039,25,7,gain,0.5,100,0,40.0,-10.0,False,gamble
P028,28,2,gain,0.1,100,0,10.0,0.0,False,certain
P005,5,18,loss,0.1,0,100,-10.0,0.0,False,gamble
P024,26,17,loss,0.1,0,100,0.0,-10.0,False,certain
P019,9,11,gain,0.75,100,0,75.0,0.0,False,certain
P028,16,18,loss,0.1,0,100,-10.0,0.0,False,certain
P005,16,11,gain,0.75,100,0,75.0,0.0,False,certain
P050,4,12,gain,0.75,100,0,85.0,10.0,False,certain
P029,19,12,gain,0.75,100,0,85.0,10.0,False,certain
P055,8,16,gain,0.5,100,0,120.0,,True,certain
P058,25,32,loss,0.5,0,100,0.0,,True,certain
P055,5,22,loss,0.25,0,100,-35.0,10.0,False,certain
P036,23,31,loss,0.9,0,100,-100.0,10.0,False,certain
P012,29,22,loss,0.25,0,100,-35.0,10.0,False,gamble
P043,12,29,loss,0.9,0,100,-80.0,-10.0,False,certain
P010,27,30,loss,0.9,0,100,-90.0,0.0,False,certain
P054,3,2,gain,0.1,100,0,10.0,0.0,False,certain
P012,8,7,gain,0.5,100,0,40.0,-10.0,False,gamble
P042,8,27,loss,0.75,0,100,,0.0,False,certain
P024,2,15,gain,0.9,100,0,100.0,10.0,False,certain
P031,4,7,gain,0.5,100,0,40.0,-10.0,False,gamble
P053,8,3,gain,0.1,100,0,20.0,10.0,False,certain
P034,32,27,loss,0.75,0,100,-75.0,0.0,False,certain
P020,5,13,gain,0.9,100,0,80.0,-10.0,False,gamble
P033,14,11,gain,0.75,100,0,75.0,0.0,False,gamble
P035,15,23,loss,0.5,0,100,-40.0,-10.0,False,certain
P051,25,24,loss,0.5,0,100,-50.0,0.0,False,certain
P023,26,18,loss,0.1,0,100,-10.0,0.0,False,certain
P022,16,11,gain,0.75,100,0,75.0,0.0,False,gamble
P001,8,32,loss,0.5,0,100,0.0,,True,certain
P033,19,17,loss,0.1,0,100,0.0,-10.0,False,certain
P024,20,16,gain,0.5,100,0,120.0,,True,certain
P038,29,23,loss,0.5,0,100,-40.0,-10.0,False,certain
P028,14,17,loss,0.1,0,100,0.0,-10.0,False,certain
P040,17,2,gain,0.1,100,0,10.0,0.0,False,gamble
P008,15,32,loss,0.5,0,100,0.0,,True,certain
P003,15,14,gain,0.9,100,0,90.0,0.0,False,gamble
P046,28,28,loss,0.75,0,100,-85.0,10.0,False,gamble
P040,9,3,gain,0.1,100,0,20.0,10.0,False,certain
P029,4,21,loss,0.25,0,100,-25.0,0.0,False,certain
P004,21,20,loss,0.25,0,100,-15.0,-10.0,False,certain
P011,4,7,gain,0.5,100,0,40.0,-10.0,False,certain
P060,12,3,gain,0.1,100,0,20.0,10.0,False,certain
P014,24,16,gain,0.5,100,0,120.0,,True,certain
P018,5,6,gain,0.25,100,0,35.0,10.0,False,gamble
P006,14,22,loss,0.25,0,100,-35.0,10.0,False,certain
P052,14,14,gain,0.9,100,0,90.0,0.0,False,gamble
P048,4,8,gain,0.5,100,0,50.0,0.0,False,gamble
P036,13,15,gain,0.9,100,0,100.0,10.0,False,gamble
P047,21,11,gain,0.75,100,0,75.0,0.0,False,certain
P052,22,6,gain,0.25,100,0,35.0,10.0,False,certain
P051,31,5,gain,0.25,100,0,25.0,0.0,False,gamble
P044,13,7,gain,0.5,100,0,40.0,-10.0,False,gamble
P013,31,26,loss,0.75,0,100,-65.0,-10.0,False,certain
P045,20,24,loss,0.5,0,100,-50.0,0.0,False,gamble
P037,32,9,gain,0.5,100,0,60.0,10.0,False,certain
P006,5,20,loss,0.25,0,100,-15.0,-10.0,False,certain
P049,24,6,gain,0.25,100,0,35.0,10.0,False,gamble
P051,21,3,gain,0.1,100,0,20.0,10.0,False,gamble
P032,29,9,gain,0.5,100,0,60.0,10.0,False,gamble
P029,2,25,loss,0.5,0,100,-60.0,10.0,False,gamble
P056,22,4,gain,0.25,100,0,15.0,-10.0,False,gamble
P056,1,28,loss,0.75,0,100,-85.0,10.0,False,gamble
P013,3,8,gain,0.5,100,0,50.0,0.0,False,gamble
P027,22,18,loss,0.1,0,100,-10.0,0.0,False,gamble
P004,27,15,gain,0.9,100,0,100.0,10.0,False,certain
P003,32,21,loss,0.25,0,100,-25.0,0.0,False,gamble
P043,14,27,loss,0.75,0,100,-75.0,0.0,False,certain
P002,14,18,loss,0.1,0,100,-10.0,0.0,False,certain
P049,23,28,loss,0.75,0,100,-85.0,10.0,False,gamble
P057,29,2,gain,0.1,100,0,10.0,0.0,False,gamble
P043,20,13,gain,0.9,100,0,80.0,-10.0,False,gamble
P012,31,8,gain,0.5,100,0,50.0,0.0,False,gamble
P038,11,29,loss,0.9,0,100,-80.0,-10.0,False,gamble
P024,28,18,loss,0.1,0,100,-10.0,0.0,False,certain
P042,17,26,loss,0.75,0,100,-65.0,-10.0,False,certain
P006,31,8,gain,0.5,100,0,50.0,0.0,False,gamble
P037,6,27,loss,0.75,0,100,-75.0,0.0,False,certain
P023,24,4,gain,0.25,100,0,15.0,-10.0,False,gamble
P053,9,8,gain,0.5,100,0,50.0,0.0,False,gamble
P039,27,18,loss,0.1,0,100,-10.0,0.0,False,certain
P002,7,29,loss,0.9,0,100,-80.0,-10.0,False,certain
P050,3,10,gain,0.75,100,0,65.0,-10.0,False,gamble
P043,31,21,loss,0.25,0,100,-25.0,0.0,False,certain
P008,32,4,gain,0.25,100,0,15.0,-10.0,False,gamble
P003,28,8,gain,0.5,100,0,50.0,0.0,False,gamble
P023,22,19,loss,0.1,0,100,-20.0,10.0,False,certain
P022,26,23,loss,0.5,0,100,-40.0,-10.0,False,certain
P050,26,2,gain,0.1,100,0,10.0,0.0,False,gamble
P035,18,13,gain,0.9,100,0,80.0,-10.0,False,gamble
P032,27,2,gain,0.1,100,0,10.0,0.0,False,certain
P049,1,18,loss,0.1,0,100,-10.0,0.0,False,certain
P044,3,24,loss,0.5,0,100,-50.0,0.0,False,gamble
P027,24,3,gain,0.1,100,0,20.0,10.0,False,certain
P012,19,30,loss,0.9,0,100,-90.0,0.0,False,certain
P057,21,13,gain,0.9,100,0,80.0,-10.0,False,gamble
P034,27,23,loss,0.5,0,100,-40.0,-10.0,False,certain
P019,10,26,loss,0.75,0,100,-65.0,-10.0,False,certain
P052,12,16,gain,0.5,100,0,120.0,,True,certain
P018,9,5,gain,0.25,100,0,25.0,0.0,False,gamble
P019,16,4,gain,0.25,100,0,15.0,-10.0,False,gamble
P020,19,23,loss,0.5,0,100,-40.0,-10.0,False,certain
P036,25,4,gain,0.25,100,0,15.0,-10.0,False,certain
P029,15,30,loss,0.9,0,100,-90.0,0.0,False,gamble
P025,25,16,gain,0.5,100,0,120.0,,True,certain
P014,8,24,loss,0.5,0,100,-50.0,0.0,False,certain
P011,28,3,gain,0.1,100,0,20.0,10.0,False,certain
P060,10,31,loss,0.9,0,100,-100.0,10.0,False,gamble
P014,6,4,gain,0.25,100,0,15.0,-10.0,False,gamble
P031,23,2,gain,0.1,100,0,10.0,0.0,False,certain
P031,14,32,loss,0.5,0,100,0.0,,True,certain
P046,4,6,gain,0.25,100,0,35.0,10.0,False,certain
P036,6,26,loss,0.75,0,100,-65.0,-10.0,False,certain
P044,27,13,gain,0.9,100,0,80.0,-10.0,False,certain
P029,20,23,loss,0.5,0,100,-40.0,-10.0,False,
P050,25,30,loss,0.9,0,100,-90.0,0.0,False,certain
P010,9,31,loss,0.9,0,100,-100.0,10.0,False,gamble
P058,15,3,gain,0.1,100,0,20.0,10.0,False,certain
P004,20,16,gain,0.5,100,0,120.0,,True,certain
P041,8,31,loss,0.9,0,100,-100.0,10.0,False,gamble
P059,18,26,loss,0.75,0,100,-65.0,-10.0,False,gamble
P052,23,13,gain,0.9,100,0,80.0,-10.0,False,gamble
P015,21,18,loss,0.1,0,100,-10.0,0.0,False,gamble
P022,17,7,gain,0.5,100,0,40.0,-10.0,False,certain
P009,24,32,loss,0.5,0,100,0.0,,True,gamble
P015,3,8,gain,0.5,100,0,50.0,0.0,False,
P017,28,15,gain,0.9,100,0,100.0,10.0,False,certain
P045,17,15,gain,0.9,100,0,100.0,10.0,False,gamble
P056,3,10,gain,0.75,100,0,65.0,-10.0,False,certain
P055,18,29,loss,0.9,0,100,-80.0,-10.0,False,certain
P017,3,26,loss,0.75,0,100,-65.0,-10.0,False,gamble
P016,3,13,gain,0.9,100,0,80.0,-10.0,False,certain
P018,31,12,gain,0.75,100,0,85.0,10.0,False,certain
P036,29,13,gain,0.9,100,0,80.0,-10.0,False,certain
P035,28,9,gain,0.5,100,0,60.0,10.0,False,certain
P035,2,4,gain,0.25,100,0,15.0,-10.0,False,gamble
P037,19,1,gain,0.1,100,0,0.0,-10.0,False,certain
P013,4,27,loss,0.75,0,100,-75.0,0.0,False,certain
P024,12,11,gain,0.75,100,0,75.0,0.0,False,gamble
P007,11,8,gain,0.5,100,0,50.0,0.0,False,gamble
P016,23,31,loss,0.9,0,100,-100.0,10.0,False,gamble
P049,9,31,loss,0.9,0,100,-100.0,10.0,False,certain
P017,17,1,gain,0.1,100,0,0.0,-10.0,False,gamble
P056,13,7,gain,0.5,100,0,40.0,-10.0,False,certain
P040,10,30,loss,0.9,0,100,-90.0,0.0,False,certain
P004,14,6,gain,0.25,100,0,35.0,10.0,False,certain
P005,15,6,gain,0.25,100,0,35.0,10.0,False,certain
P025,16,29,loss,0.9,0,100,-80.0,-10.0,False,certain
P031,18,21,loss,0.25,0,100,-25.0,0.0,False,certain
P013,18,13,gain,0.9,100,0,80.0,-10.0,False,gamble
P005,31,3,gain,0.1,100,0,20.0,10.0,False,certain
P025,7,15,gain,0.9,100,0,100.0,10.0,False,certain
P014,30,21,loss,0.25,0,100,-25.0,0.0,False,certain
P051,18,16,gain,0.5,100,0,120.0,,True,certain
P018,28,18,loss,0.1,0,100,-10.0,0.0,False,certain
P050,21,27,loss,0.75,0,100,-75.0,0.0,False,certain
P048,22,31,loss,0.9,0,100,-100.0,10.0,False,gamble
P037,23,26,loss,0.75,0,100,-65.0,-10.0,False,certain
P007,23,30,loss,0.9,0,100,-90.0,0.0,False,gamble
P025,11,6,gain,0.25,100,0,35.0,10.0,False,gamble
P044,24,26,loss,0.75,0,100,-65.0,-10.0,False,certain
P029,18,16,gain,0.5,100,0,120.0,,True,certain
P056,18,3,gain,0.1,100,0,20.0,10.0,False,certain
P060,15,12,gain,0.75,100,0,85.0,10.0,False,certain
P011,11,25,loss,0.5,0,100,-60.0,10.0,False,gamble
P054,16,30,loss,0.9,0,100,-90.0,0.0,False,certain
P045,26,7,gain,0.5,100,0,40.0,-10.0,False,gamble
P046,2,1,gain,0.1,100,0,0.0,-10.0,False,gamble
P038,5,21,loss,0.25,0,100,-25.0,0.0,False,certain
P014,13,17,loss,0.1,0,100,0.0,-10.0,False,certain
P027,2,2,gain,0.1,100,0,10.0,0.0,False,certain
P023,9,14,gain,0.9,100,0,90.0,0.0,False,gamble
P057,10,27,loss,0.75,0,100,-75.0,0.0,False,gamble
P055,2,28,loss,0.75,0,100,-85.0,10.0,False,certain
P059,4,11,gain,0.75,100,0,75.0,0.0,False,gamble
P030,22,11,gain,0.75,100,0,75.0,0.0,False,gamble
P051,30,23,loss,0.5,0,100,-40.0,-10.0,False,certain
P020,30,12,gain,0.75,100,0,85.0,10.0,False,certain
P049,12,10,gain,0.75,100,0,65.0,-10.0,False,gamble
P047,1,16,gain,0.5,100,0,120.0,,True,certain
P050,30,6,gain,0.25,100,0,35.0,10.0,False,certain
P019,20,12,gain,0.75,100,0,85.0,10.0,False,gamble
P008,14,16,gain,0.5,100,0,120.0,,True,certain
P014,32,27,loss,0.75,0,100,-75.0,0.0,False,gamble
P036,4,22,loss,0.25,0,100,-35.0,10.0,False,gamble
P057,30,18,loss,0.1,0,100,-10.0,0.0,False,certain
P007,24,16,gain,0.5,100,0,120.0,,True,certain
P017,5,14,gain,0.9,100,0,90.0,0.0,False,gamble
P018,20,10,gain,0.75,100,0,65.0,-10.0,False,certain
P037,2,13,gain,0.9,100,0,80.0,-10.0,False,gamble
P024,23,2,gain,0.1,100,0,10.0,0.0,False,gamble
P009,17,16,gain,0.5,100,0,120.0,,True,certain
P059,1,20,loss,0.25,0,100,-15.0,-10.0,False,gamble
P020,31,9,gain,0.5,100,0,60.0,10.0,False,certain
P057,11,14,gain,0.9,100,0,90.0,0.0,False,gamble
P005,12,16,gain,0.5,100,0,120.0,,True,certain
P053,15,7,gain,0.5,100,0,40.0,-10.0,False,gamble
P027,18,23,loss,0.5,0,100,-40.0,-10.0,False,certain
P036,2,11,gain,0.75,100,0,75.0,0.0,False,certain
P054,11,5,gain,0.25,100,0,25.0,0.0,False,gamble
P030,21,23,loss,0.5,0,100,-40.0,-10.0,False,certain
P047,14,25,loss,0.5,0,100,-60.0,10.0,False,gamble
P025,14,18,loss,0.1,0,100,-10.0,0.0,False,gamble
P058,23,26,loss,0.75,0,100,-65.0,-10.0,False,certain
P053,28,25,loss,0.5,0,100,-60.0,10.0,False,gamble
P022,3,31,loss,0.9,0,100,-100.0,10.0,False,gamble
P026,20,19,loss,0.1,0,100,-20.0,10.0,False,gamble
P025,32,22,loss,0.25,0,100,-35.0,10.0,False,gamble
P021,7,18,loss,0.1,0,100,-10.0,0.0,False,certain
P014,16,5,gain,0.25,100,0,25.0,0.0,False,gamble
P048,30,14,gain,0.9,100,0,90.0,0.0,False,gamble
P041,5,12,gain,0.75,100,0,85.0,10.0,False,gamble
P047,12,9,gain,0.5,100,0,60.0,10.0,False,certain
P024,14,14,gain,0.9,100,0,90.0,0.0,False,gamble
P059,16,30,loss,0.9,0,100,-90.0,0.0,False,certain
P043,5,19,loss,0.1,0,100,-20.0,10.0,False,certain
P036,11,28,loss,0.75,0,100,-85.0,10.0,False,gamble
P037,10,8,gain,0.5,100,0,50.0,0.0,False,certain
P051,19,31,loss,0.9,0,100,-100.0,10.0,False,gamble
P050,15,29,loss,0.9,0,100,-80.0,-10.0,False,certain
P056,6,14,gain,0.9,100,0,90.0,0.0,False,gamble
P035,17,28,loss,0.75,0,100,-85.0,10.0,False,gamble
P022,11,6,gain,0.25,100,0,35.0,10.0,False,certain
P023,30,3,gain,0.1,100,0,20.0,10.0,False,certain
P020,4,28,loss,0.75,0,100,-85.0,10.0,False,certain
P047,22,28,loss,0.75,0,100,-85.0,10.0,False,gamble
P038,18,24,loss,0.5,0,100,-50.0,0.0,False,gamble
P028,20,30,loss,0.9,0,100,-90.0,0.0,False,certain
P051,32,30,loss,0.9,0,100,-90.0,0.0,False,gamble
P035,30,31,loss,0.9,0,100,-100.0,10.0,False,gamble
P023,17,27,loss,0.75,0,100,-75.0,0.0,False,certain
P005,1,1,gain,0.1,100,0,0.0,-10.0,False,gamble
P028,26,32,loss,0.5,0,100,0.0,,True,certain
P031,6,20,loss,0.25,0,100,-15.0,-10.0,False,certain
P001,9,15,gain,0.9,100,0,100.0,10.0,False,certain
P010,24,26,loss,0.75,0,100,-65.0,-10.0,False,certain
P035,5,19,loss,0.1,0,100,-20.0,10.0,False,gamble
P038,25,17,loss,0.1,0,100,0.0,-10.0,False,gamble
P049,28,11,gain,0.75,100,0,75.0,0.0,False,gamble
P059,32,32,loss,0.5,0,100,0.0,,True,certain
P017,15,12,gain,0.75,100,0,85.0,10.0,False,certain
P043,32,32,loss,0.5,0,100,0.0,,True,certain
P016,27,29,loss,0.9,0,100,-80.0,-10.0,False,
P007,15,10,gain,0.75,100,0,65.0,-10.0,False,certain
P029,6,26,loss,0.75,0,100,-65.0,-10.0,False,certain
P058,19,13,gain,0.9,100,0,80.0,-10.0,False,gamble
P004,10,2,gain,0.1,100,0,10.0,0.0,False,certain
P023,13,23,loss,0.5,0,100,-40.0,-10.0,False,certain
P053,32,17,loss,0.1,0,100,0.0,-10.0,False,certain
P032,22,21,loss,0.25,0,100,-25.0,0.0,False,gamble
P032,8,14,gain,0.9,100,0,90.0,0.0,False,gamble
P033,11,7,gain,0.5,100,0,40.0,-10.0,False,gamble
P007,12,2,gain,0.1,100,0,10.0,0.0,False,certain
P030,4,4,gain,0.25,100,0,15.0,-10.0,False,gamble
P002,23,12,gain,0.75,100,0,85.0,10.0,False,certain
P045,21,2,gain,0.1,100,0,10.0,0.0,False,certain
P016,9,21,loss,0.25,0,100,-25.0,0.0,False,certain
P017,29,32,loss,0.5,0,100,0.0,,True,certain
P043,4,7,gain,0.5,100,0,40.0,-10.0,False,gamble
P024,31,3,gain,0.1,100,0,20.0,10.0,False,certain
P042,26,4,gain,0.25,100,0,15.0,-10.0,False,gamble
P022,8,25,loss,0.5,0,100,-60.0,10.0,False,gamble
P006,30,28,loss,0.75,0,100,-85.0,10.0,False,gamble
P004,13,18,loss,0.1,0,100,-10.0,0.0,False,gamble
P017,26,10,gain,0.75,100,0,65.0,-10.0,False,gamble
P027,23,26,loss,0.75,0,100,-65.0,-10.0,False,certain
P033,13,21,loss,0.25,0,100,-25.0,0.0,False,certain
P017,10,25,loss,0.5,0,100,-60.0,10.0,False,gamble
P031,30,3,gain,0.1,100,0,20.0,10.0,False,certain
P018,7,9,gain,0.5,100,0,60.0,10.0,False,certain
P001,23,18,loss,0.1,0,100,-10.0,0.0,False,certain
P051,9,4,gain,0.25,100,0,15.0,-10.0,False,gamble
P012,25,11,gain,0.75,100,0,75.0,0.0,False,gamble
P024,1,19,loss,0.1,0,100,-20.0,10.0,False,gamble
P042,4,20,loss,0.25,0,100,-15.0,-10.0,False,certain
P019,19,8,gain,0.5,100,0,50.0,0.0,False,certain
P054,32,20,loss,0.25,0,100,-15.0,-10.0,False,gamble
P007,14,17,loss,0.1,0,100,0.0,-10.0,False,certain
P003,30,30,loss,0.9,0,100,-90.0,0.0,False,gamble
P026,8,24,loss,0.5,0,100,-50.0,0.0,False,gamble
P008,1,14,gain,0.9,100,0,90.0,0.0,False,gamble
P053,26,23,loss,0.5,0,100,-40.0,-10.0,False,certain
P055,7,8,gain,0.5,100,0,50.0,0.0,False,gamble
P039,9,8,gain,0.5,100,0,50.0,0.0,False,gamble
P033,17,16,gain,0.5,100,0,120.0,,True,certain
P058,27,10,gain,0.75,100,0,65.0,-10.0,False,gamble
P031,3,30,loss,0.9,0,100,-90.0,0.0,False,certain
P014,25,23,loss,0.5,0,100,-40.0,-10.0,False,gamble
P059,28,3,gain,0.1,100,0,20.0,10.0,False,certain
P019,13,22,loss,0.25,0,100,-35.0,10.0,False,gamble
P014,31,31,loss,0.9,0,100,-100.0,10.0,False,certain
P051,26,25,loss,1.4,0,100,-60.0,10.0,False,gamble
P044,8,32,loss,0.5,0,100,0.0,,True,certain
P036,5,29,loss,0.9,0,100,-80.0,-10.0,False,gamble
P003,29,25,loss,0.5,0,100,-60.0,10.0,False,certain
P018,24,25,loss,0.5,0,100,-60.0,10.0,False,gamble
P043,22,26,loss,0.75,0,100,-65.0,-10.0,False,certain
P030,8,30,loss,0.9,0,100,-90.0,0.0,False,certain
P009,15,3,gain,0.1,100,0,20.0,10.0,False,certain
P043,11,18,loss,0.1,0,100,-10.0,0.0,False,gamble
P051,16,7,gain,0.5,100,0,40.0,-10.0,False,gamble
P043,28,2,gain,0.1,100,0,10.0,0.0,False,gamble
P003,12,5,gain,0.25,100,0,25.0,0.0,False,
P045,32,27,loss,0.75,0,100,-75.0,0.0,False,gamble
P025,10,23,loss,0.5,0,100,-40.0,-10.0,False,certain
P049,16,20,loss,0.25,0,100,-15.0,-10.0,False,gamble
P032,13,3,gain,0.1,100,0,20.0,10.0,False,gamble
P021,15,8,gain,0.5,100,0,50.0,0.0,False,gamble
P046,27,16,gain,0.5,100,0,120.0,,True,certain
P060,29,2,gain,0.1,100,0,10.0,0.0,False,gamble
P023,4,20,loss,0.25,0,100,-15.0,-10.0,False,certain
P018,17,24,loss,0.5,0,100,-50.0,0.0,False,certain
P044,17,19,loss,0.1,0,100,-20.0,10.0,False,gamble
P045,28,14,gain,0.9,100,0,90.0,0.0,False,certain
P039,15,4,gain,0.25,100,0,15.0,-10.0,False,gamble
P030,28,14,gain,0.9,100,0,90.0,0.0,False,certain
P037,1,29,loss,0.9,0,100,-80.0,-10.0,False,certain
P047,18,29,loss,0.9,0,100,-80.0,-10.0,False,certain
P015,22,30,loss,0.9,0,100,-90.0,0.0,False,certain
P031,27,22,loss,0.25,0,100,-35.0,10.0,False,gamble
P060,26,21,loss,0.25,0,100,-25.0,0.0,False,gamble
P026,10,30,loss,0.9,0,100,-90.0,0.0,False,certain
P005,3,32,loss,0.5,0,100,0.0,,True,certain
P031,22,16,gain,0.5,100,0,120.0,,True,certain
P027,16,10,gain,0.75,100,0,65.0,-10.0,False,gamble
P030,17,5,gain,0.25,100,0,25.0,0.0,False,certain
P001,25,16,gain,0.5,100,0,120.0,,True,certain
P019,8,24,loss,0.5,0,100,-50.0,0.0,False,gamble
P013,8,23,loss,0.5,0,100,-40.0,-10.0,False,certain
P011,23,32,loss,0.5,0,100,0.0,,True,certain
P013,23,21,loss,0.25,0,100,-25.0,0.0,False,certain
P005,28,22,loss,0.25,0,100,-35.0,10.0,False,gamble
P058,13,12,gain,0.75,100,0,85.0,10.0,False,gamble
P035,22,24,loss,0.5,0,100,-50.0,0.0,False,
P039,4,15,gain,0.9,100,0,100.0,10.0,False,certain
P032,31,1,gain,0.1,100,0,0.0,-10.0,False,gamble
P060,17,32,loss,0.5,0,100,0.0,,True,certain
P020,22,17,loss,0.1,0,100,0.0,-10.0,False,certain
P055,10,30,loss,0.9,0,100,-90.0,0.0,False,certain
P045,27,1,gain,0.1,100,0,0.0,-10.0,False,gamble
P034,10,3,gain,0.1,100,0,20.0,10.0,False,gamble
P028,17,5,gain,0.25,100,0,25.0,0.0,False,certain
P040,16,20,loss,0.25,0,100,-15.0,-10.0,False,certain
P006,20,1,gain,0.1,100,0,0.0,-10.0,False,
P030,20,25,loss,0.5,0,100,-60.0,10.0,False,certain
P001,11,27,loss,0.75,0,100,-75.0,0.0,False,gamble
P012,3,28,loss,0.75,0,100,-85.0,10.0,False,gamble
P003,4,20,loss,0.25,0,100,-15.0,-10.0,False,certain
P039,5,1,gain,0.1,100,0,0.0,-10.0,False,gamble
P005,18,20,loss,0.25,0,100,-15.0,-10.0,False,gamble
P060,1,24,loss,0.5,0,100,-50.0,0.0,False,gamble
P013,32,19,loss,0.1,0,100,-20.0,10.0,False,gamble
P013,9,31,loss,0.9,0,100,-100.0,10.0,False,gamble
P017,12,19,loss,0.1,0,100,-20.0,10.0,False,gamble
P059,17,28,loss,0.75,0,100,-85.0,10.0,False,certain
P059,15,6,gain,0.25,100,0,35.0,10.0,False,certain
P014,22,29,loss,0.9,0,100,-80.0,-10.0,False,gamble
P037,16,7,gain,0.5,100,0,40.0,-10.0,False,gamble
P002,24,16,gain,0.5,100,0,120.0,,True,certain
P005,11,10,gain,0.75,100,0,65.0,-10.0,False,gamble
P050,11,3,gain,0.1,100,0,20.0,10.0,False,certain
P007,4,7,gain,0.5,100,0,40.0,-10.0,False,gamble
P042,25,19,loss,0.1,0,100,-20.0,10.0,False,gamble
P034,4,5,gain,0.25,100,0,25.0,0.0,False,gamble
P015,2,5,gain,0.25,100,0,25.0,0.0,False,gamble
P018,3,23,loss,0.5,0,100,-40.0,-10.0,False,certain
P031,29,25,loss,0.5,0,100,-60.0,10.0,False,gamble
P060,27,4,gain,0.25,100,0,15.0,-10.0,False,gamble
P031,10,13,gain,0.9,100,0,80.0,-10.0,False,gamble
P048,28,13,gain,0.9,100,0,80.0,-10.0,False,gamble
P041,14,7,gain,0.5,100,0,40.0,-10.0,False,certain
P006,15,32,loss,0.5,0,100,0.0,,True,certain
P008,31,8,gain,0.5,100,0,50.0,0.0,False,gamble
P013,2,28,loss,0.75,0,100,-85.0,10.0,False,certain
P057,27,28,loss,0.75,0,100,-85.0,10.0,False,gamble
P053,1,14,gain,0.9,100,0,90.0,0.0,False,certain
P023,8,7,gain,0.5,100,0,40.0,-10.0,False,gamble
P027,6,12,gain,0.75,100,0,85.0,10.0,False,certain
P058,14,15,gain,0.9,100,0,100.0,10.0,False,certain
P057,13,29,loss,0.9,0,100,-80.0,-10.0,False,gamble
P003,26,2,gain,0.1,100,0,10.0,0.0,False,gamble
P057,4,17,loss,0.1,0,100,0.0,-10.0,False,certain
P036,26,6,gain,0.25,100,0,35.0,10.0,False,certain
P057,5,23,loss,0.5,0,100,-40.0,-10.0,False,certain
P001,1,8,gain,0.5,100,0,50.0,0.0,False,gamble
P043,9,16,gain,0.5,100,0,120.0,,True,certain
P026,23,7,gain,0.5,100,0,40.0,-10.0,False,gamble
P020,6,18,loss,0.1,0,100,-10.0,0.0,False,certain
P033,6,26,loss,0.75,0,100,-65.0,-10.0,False,certain
P036,3,18,loss,0.1,0,100,-10.0,0.0,False,gamble
P002,8,4,gain,0.25,100,0,15.0,-10.0,False,gamble
P060,32,16,gain,0.5,100,0,120.0,,True,certain
P032,21,12,gain,0.75,100,0,85.0,10.0,False,certain
P030,16,26,loss,0.75,0,100,-65.0,-10.0,False,certain
P021,26,7,gain,0.5,100,0,40.0,-10.0,False,certain
P015,5,12,gain,0.75,100,0,85.0,10.0,False,certain
P025,13,5,gain,0.25,100,0,25.0,0.0,False,certain
P006,18,11,gain,0.75,100,0,75.0,0.0,False,certain
P005,9,17,loss,0.1,0,100,0.0,-10.0,False,certain
P011,17,10,gain,0.75,100,0,65.0,-10.0,False,gamble
P004,23,28,loss,0.75,0,100,-85.0,10.0,False,gamble
P060,23,9,gain,0.5,100,0,60.0,10.0,False,certain
P057,6,7,gain,0.5,100,0,40.0,-10.0,False,certain
P038,16,31,loss,0.9,0,100,-100.0,10.0,False,gamble
P011,32,1,gain,0.1,100,0,0.0,-10.0,False,gamble
P020,17,3,gain,0.1,100,0,20.0,10.0,False,certain
P007,1,11,gain,0.75,100,0,75.0,0.0,False,gamble
P045,14,32,loss,0.5,0,100,0.0,,True,certain
P041,32,8,gain,0.5,100,0,50.0,0.0,False,certain
P005,8,24,loss,0.5,0,100,-50.0,0.0,False,gamble
P015,13,1,gain,0.1,100,0,0.0,-10.0,False,gamble
P002,10,9,gain,0.5,100,0,60.0,10.0,False,gamble
P023,20,16,gain,0.5,100,0,120.0,,True,certain
P022,27,14,gain,0.9,100,0,90.0,0.0,False,gamble
P020,29,14,gain,0.9,100,0,90.0,0.0,False,certain
P012,7,18,loss,0.1,0,100,-10.0,0.0,False,certain
P053,2,1,gain,0.1,100,0,0.0,-10.0,False,gamble
P018,15,21,loss,0.25,0,100,-25.0,0.0,False,certain
P026,14,3,gain,0.1,100,0,20.0,10.0,False,certain
P020,11,21,loss,0.25,0,100,-25.0,0.0,False,gamble
P015,18,4,gain,0.25,100,0,15.0,-10.0,False,certain
P054,14,11,gain,0.75,100,0,75.0,0.0,False,certain
P051,14,12,gain,0.75,100,0,85.0,10.0,False,gamble
P055,32,21,loss,0.25,0,100,-25.0,0.0,False,certain
P003,16,12,gain,0.75,100,0,85.0,10.0,False,gamble
P053,27,6,gain,0.25,100,0,35.0,10.0,False,certain
P016,12,15,gain,0.9,100,0,100.0,10.0,False,certain
P056,14,17,loss,0.1,0,100,0.0,-10.0,False,certain
P017,16,2,gain,0.1,100,0,10.0,0.0,False,gamble
P055,21,23,loss,0.5,0,100,-40.0,-10.0,False,certain
P040,13,9,gain,0.5,100,0,60.0,10.0,False,certain
P041,26,25,loss,0.5,0,100,-60.0,10.0,False,gamble
P045,13,18,loss,0.1,0,100,-10.0,0.0,False,certain
P058,32,16,gain,0.5,100,0,120.0,,True,certain
P058,8,30,loss,0.9,0,100,-90.0,0.0,False,certain
P036,16,21,loss,0.25,0,100,-25.0,0.0,False,gamble
P015,32,25,loss,0.5,0,100,-60.0,10.0,False,gamble
P053,30,31,loss,0.9,0,100,-100.0,10.0,False,gamble
P040,24,6,gain,0.25,100,0,35.0,10.0,False,gamble
P004,7,12,gain,0.75,100,0,85.0,10.0,False,certain
P021,24,31,loss,0.9,0,100,-100.0,10.0,False,gamble
P024,7,24,loss,0.5,0,100,-50.0,0.0,False,certain
P046,24,9,gain,0.5,100,0,60.0,10.0,False,certain
P047,10,12,gain,0.75,100,0,85.0,10.0,False,gamble
P002,22,15,gain,0.9,100,0,100.0,10.0,False,certain
P031,28,9,gain,0.5,100,0,60.0,10.0,False,certain
P047,32,4,gain,0.25,100,0,15.0,-10.0,False,gamble
P052,8,17,loss,0.1,0,100,0.0,-10.0,False,certain
P003,5,19,loss,0.1,0,100,-20.0,10.0,False,certain
P052,26,31,loss,0.9,0,100,-100.0,10.0,False,gamble
P023,14,25,loss,0.5,0,100,-60.0,10.0,False,gamble
P035,13,14,gain,0.9,100,0,90.0,0.0,False,certain
P023,23,11,gain,0.75,100,0,75.0,0.0,False,certain
P011,14,2,gain,0.1,100,0,10.0,0.0,False,certain
P047,6,3,gain,0.1,100,0,20.0,10.0,False,gamble
P025,19,28,loss,0.75,0,100,-85.0,10.0,False,certain
P025,17,24,loss,0.5,0,100,-50.0,0.0,False,certain
P037,7,23,loss,0.5,0,100,-40.0,-10.0,False,gamble
P030,27,16,gain,0.5,100,0,120.0,,True,certain
P036,18,9,gain,0.5,100,0,60.0,10.0,False,certain
P042,15,31,loss,0.9,0,100,-100.0,10.0,False,gamble
P021,19,27,loss,0.75,0,100,-75.0,0.0,False,certain
P004,32,26,loss,0.75,0,100,-65.0,-10.0,False,certain
P045,4,16,gain,0.5,100,0,120.0,,True,gamble
P056,2,19,loss,0.1,0,100,-20.0,10.0,False,gamble
P046,13,20,loss,0.25,0,100,-15.0,-10.0,False,certain
P044,30,1,gain,0.1,100,0,0.0,-10.0,False,certain
P015,12,9,gain,0.5,100,0,60.0,10.0,False,gamble
P035,19,6,gain,0.25,100,0,35.0,10.0,False,certain
P030,23,12,gain,0.75,100,0,85.0,10.0,False,certain
P034,24,21,loss,0.25,0,100,-25.0,0.0,False,certain
P025,2,27,loss,0.75,0,100,-75.0,0.0,False,gamble
P003,11,3,gain,0.1,100,0,20.0,10.0,False,certain
P036,10,14,gain,0.9,100,0,90.0,0.0,False,gamble
P038,4,28,loss,0.75,0,100,-85.0,10.0,False,certain
P045,9,26,loss,0.75,0,100,-65.0,-10.0,False,gamble
P015,14,29,loss,0.9,0,100,-80.0,-10.0,False,certain
P043,25,4,gain,0.25,100,0,15.0,-10.0,False,certain
P020,32,30,loss,0.9,0,100,-90.0,0.0,False,certain
P052,17,24,loss,0.5,0,100,-50.0,0.0,False,gamble
P018,24,25,loss,0.5,0,100,-60.0,10.0,False,gamble
P017,7,24,loss,0.5,0,100,-50.0,0.0,False,certain
P053,22,10,gain,0.75,100,0,65.0,-10.0,False,gamble
P046,16,15,gain,0.9,100,0,100.0,10.0,False,certain
P030,2,28,loss,0.75,0,100,-85.0,10.0,False,gamble
P008,7,2,gain,0.1,100,0,10.0,0.0,False,certain
P013,29,4,gain,0.25,100,0,15.0,-10.0,False,gamble
P018,12,19,loss,0.1,0,100,-20.0,10.0,False,gamble
P017,32,17,loss,0.1,0,100,0.0,-10.0,False,gamble
P042,11,24,loss,0.5,0,100,-50.0,0.0,False,certain
P039,18,23,loss,0.5,0,100,-40.0,-10.0,False,certain
P054,20,13,gain,0.9,100,0,80.0,-10.0,False,gamble
P048,24,20,loss,0.25,0,100,-15.0,-10.0,False,gamble
P021,5,10,gain,0.75,100,0,65.0,-10.0,False,gamble
P044,26,22,loss,0.25,0,100,-35.0,10.0,False,certain
P059,26,15,gain,0.9,100,0,100.0,10.0,False,certain
P030,31,19,loss,0.1,0,100,-20.0,10.0,False,certain
P021,25,11,gain,0.75,100,0,75.0,0.0,False,certain
P042,21,29,loss,0.9,0,100,-80.0,-10.0,False,gamble
P041,27,5,gain,0.25,100,0,25.0,0.0,False,certain
P025,4,10,gain,0.75,100,0,65.0,-10.0,False,certain
P045,3,20,loss,0.25,0,100,-15.0,-10.0,False,certain
P054,9,32,loss,0.5,0,100,0.0,,True,
P009,6,20,loss,0.25,0,100,-15.0,-10.0,False,certain
P010,7,16,gain,0.5,100,0,120.0,,True,certain
P023,18,29,loss,0.9,0,100,-80.0,-10.0,False,certain
P048,32,23,loss,0.5,0,100,-40.0,-10.0,False,certain
P042,9,16,gain,0.5,100,0,120.0,,True,certain
P040,20,14,gain,0.9,100,0,90.0,0.0,False,gamble
P039,20,16,gain,0.5,100,0,120.0,,True,certain
P005,32,4,gain,0.25,100,0,15.0,-10.0,False,gamble
P021,11,6,gain,0.25,100,0,35.0,10.0,False,gamble
P051,10,27,loss,0.75,0,100,-75.0,0.0,False,certain
P022,23,9,gain,0.5,100,0,60.0,10.0,False,certain
P029,14,32,loss,0.5,0,100,0.0,,True,certain
P059,29,27,loss,0.75,0,100,-75.0,0.0,False,gamble
P028,5,3,gain,0.1,100,0,20.0,10.0,False,certain
P052,18,9,gain,0.5,100,0,60.0,10.0,False,certain
P001,15,31,loss,0.9,0,100,-100.0,10.0,False,gamble
P031,16,14,gain,0.9,100,0,90.0,0.0,False,gamble
P053,10,11,gain,0.75,100,0,75.0,0.0,False,gamble
P015,15,26,loss,0.75,0,100,-65.0,-10.0,False,gamble
P052,20,15,gain,0.9,100,0,100.0,10.0,False,certain
P044,5,27,loss,0.75,0,100,-75.0,0.0,False,gamble
P020,12,5,gain,0.25,100,0,25.0,0.0,False,gamble
P047,30,26,loss,0.75,0,100,-65.0,-10.0,False,certain
P045,7,29,loss,0.9,0,100,-80.0,-10.0,False,certain
P028,10,28,loss,0.75,0,100,-85.0,10.0,False,gamble
P015,19,6,gain,0.25,100,0,35.0,10.0,False,gamble
P024,18,25,loss,0.5,0,100,-60.0,10.0,False,gamble
P046,22,17,loss,0.1,0,100,0.0,-10.0,False,certain
P030,14,27,loss,0.75,0,100,-75.0,0.0,False,gamble
P028,19,13,gain,0.9,100,0,80.0,-10.0,False,gamble
P010,4,2,gain,0.1,100,0,10.0,0.0,False,gamble
P008,10,11,gain,0.75,100,0,75.0,0.0,False,certain
P024,6,29,loss,0.9,0,100,-80.0,-10.0,False,certain
P041,6,15,gain,0.9,100,0,100.0,10.0,False,certain
P051,1,8,gain,0.5,100,0,50.0,0.0,False,gamble
P060,30,23,loss,0.5,0,100,-40.0,-10.0,False,certain
P002,18,23,loss,0.5,0,100,-40.0,-10.0,False,certain
P025,18,2,gain,0.1,100,0,10.0,0.0,False,gamble
P034,28,12,gain,0.75,100,0,85.0,10.0,False,certain
P049,22,3,gain,0.1,100,0,20.0,10.0,False,certain
P039,26,12,gain,0.75,100,0,85.0,10.0,False,gamble
P017,23,8,gain,0.5,100,0,50.0,0.0,False,certain
P020,21,27,loss,0.75,0,100,-75.0,0.0,False,gamble
P030,1,9,gain,0.5,100,0,60.0,10.0,False,certain
P051,12,9,gain,0.5,100,0,60.0,10.0,False,certain
P017,14,6,gain,0.25,100,0,35.0,10.0,False,certain
P034,25,9,gain,0.5,100,0,60.0,10.0,False,gamble
P013,16,5,gain,0.25,100,0,25.0,0.0,False,certain
P044,31,23,loss,0.5,0,100,-40.0,-10.0,False,
P049,10,21,loss,0.25,0,100,-25.0,0.0,False,certain
P041,15,20,loss,0.25,0,100,-15.0,-10.0,False,certain
P059,20,7,gain,0.5,100,0,40.0,-10.0,False,gamble
P034,6,1,gain,0.1,100,0,0.0,-10.0,False,gamble
P019,14,27,loss,0.75,0,100,-75.0,0.0,False,certain
P022,2,13,gain,0.9,100,0,80.0,-10.0,False,gamble
P044,6,3,gain,0.1,100,0,20.0,10.0,False,certain
P004,11,25,loss,0.5,0,100,-60.0,10.0,False,gamble
P027,4,13,gain,0.9,100,0,80.0,-10.0,False,gamble
P008,28,3,gain,0.1,100,0,20.0,10.0,False,certain
P048,20,27,loss,0.75,0,100,-75.0,0.0,False,gamble
P044,4,17,loss,0.1,0,100,0.0,-10.0,False,certain
P013,7,3,gain,0.1,100,0,20.0,10.0,False,certain
P039,24,11,gain,0.75,100,0,75.0,0.0,False,gamble
P025,27,7,gain,0.5,100,0,40.0,-10.0,False,gamble
P002,25,25,loss,0.5,0,100,-60.0,10.0,False,certain
P021,29,9,gain,0.5,100,0,60.0,10.0,False,certain
P022,10,17,loss,0.1,0,100,0.0,-10.0,False,certain
P026,4,2,gain,0.1,100,0,10.0,0.0,False,gamble
P038,22,30,loss,0.9,0,100,-90.0,0.0,False,gamble
P034,22,11,gain,0.75,100,0,75.0,0.0,False,gamble
P046,9,5,gain,0.25,100,0,25.0,0.0,False,certain
P057,12,24,loss,0.5,0,100,-50.0,0.0,False,certain
P011,27,11,gain,0.75,100,0,75.0,0.0,False,gamble
P053,6,16,gain,0.5,100,0,120.0,,True,certain
P005,24,15,gain,0.9,100,0,100.0,10.0,False,certain
P052,24,7,gain,0.5,100,0,40.0,-10.0,False,
P026,28,5,gain,0.25,100,0,25.0,0.0,False,gamble
P040,7,5,gain,0.25,100,0,25.0,0.0,False,certain
P017,13,3,gain,0.1,100,0,20.0,10.0,False,certain
P040,18,22,loss,0.25,0,100,-35.0,10.0,False,gamble
P001,22,22,loss,0.25,0,100,-35.0,10.0,False,gamble
P013,22,20,loss,0.25,0,100,-15.0,-10.0,False,gamble
P009,2,4,gain,0.25,100,0,15.0,-10.0,False,certain
P022,29,19,loss,0.1,0,100,-20.0,10.0,False,gamble
P013,5,22,loss,0.25,0,100,-35.0,10.0,False,gamble
P006,26,4,gain,0.25,100,0,15.0,-10.0,False,gamble
P002,12,13,gain,0.9,100,0,80.0,-10.0,False,gamble
P015,26,3,gain,0.1,100,0,20.0,10.0,False,certain
P027,21,30,loss,0.9,0,100,-90.0,0.0,False,certain
P045,18,8,gain,0.5,100,0,50.0,0.0,False,certain
P011,21,9,gain,0.5,100,0,60.0,10.0,False,
P037,15,17,loss,0.1,0,100,0.0,-10.0,False,certain
P051,7,10,gain,0.75,100,0,65.0,-10.0,False,certain
P052,29,28,loss,0.75,0,100,-85.0,10.0,False,gamble
P033,18,2,gain,0.1,100,0,10.0,0.0,False,gamble
P058,30,25,loss,0.5,0,100,,10.0,False,gamble
P031,1,1,gain,0.1,100,0,0.0,-10.0,False,gamble
P045,25,28,loss,0.75,0,100,-85.0,10.0,False,gamble
P044,11,8,gain,0.5,100,0,50.0,0.0,False,certain
P010,28,11,gain,0.75,100,0,75.0,0.0,False,gamble
P011,10,8,gain,0.5,100,0,50.0,0.0,False,gamble
P017,1,20,loss,0.25,0,100,-15.0,-10.0,False,certain
P060,24,20,loss,0.25,0,100,-15.0,-10.0,False,gamble
P011,26,14,gain,0.9,100,0,90.0,0.0,False,gamble
P027,1,28,loss,0.75,0,100,-85.0,10.0,False,gamble
P041,31,6,gain,0.25,100,0,35.0,10.0,False,certain
P022,12,3,gain,0.1,100,0,20.0,10.0,False,certain
P032,11,25,loss,0.5,0,100,-60.0,10.0,False,certain
P059,14,29,loss,0.9,0,100,-80.0,-10.0,False,certain
P057,23,3,gain,0.1,100,0,20.0,10.0,False,certain
P025,5,30,loss,0.9,0,100,-90.0,0.0,False,gamble
P003,3,29,loss,0.9,0,100,-80.0,-10.0,False,certain
P050,5,15,gain,0.9,100,0,100.0,10.0,False,certain
P030,5,17,loss,0.1,0,100,0.0,-10.0,False,certain
P059,6,13,gain,0.9,100,0,80.0,-10.0,False,gamble
P055,14,3,gain,0.1,100,0,20.0,10.0,False,gamble
P021,4,16,gain,0.5,100,0,120.0,,True,certain
P054,13,23,loss,0.5,0,100,-40.0,-10.0,False,certain
P026,9,28,loss,0.75,0,100,-85.0,10.0,False,certain
P041,28,2,gain,0.1,100,0,10.0,0.0,False,certain
P021,6,26,loss,0.75,0,100,-65.0,-10.0,False,certain
P014,2,2,gain,0.1,100,0,10.0,0.0,False,gamble
P052,21,2,gain,0.1,100,0,10.0,0.0,False,gamble
P044,25,10,gain,0.75,100,0,65.0,-10.0,False,certain
P036,19,7,gain,0.5,100,0,40.0,-10.0,False,gamble
P017,30,27,loss,0.75,0,100,-75.0,0.0,False,gamble
P058,24,31,loss,0.9,0,100,-100.0,10.0,False,gamble
P057,14,32,loss,0.5,0,100,0.0,,True,certain
P055,23,27,loss,0.75,0,100,-75.0,0.0,False,certain
P041,16,16,gain,0.5,100,0,120.0,,True,certain
P010,26,14,gain,0.9,100,0,90.0,0.0,False,certain
P010,19,9,gain,0.5,100,0,60.0,10.0,False,certain
P030,13,31,loss,0.9,0,100,-100.0,10.0,False,gamble
P041,29,29,loss,0.9,0,100,-80.0,-10.0,False,gamble
P005,2,29,loss,0.9,0,100,-80.0,-10.0,False,certain
P013,12,12,gain,0.75,100,0,85.0,10.0,False,certain
P056,7,2,gain,0.1,100,0,10.0,0.0,False,certain
P011,7,6,gain,0.25,100,0,35.0,10.0,False,certain
P006,32,15,gain,0.9,100,0,100.0,10.0,False,certain
P023,19,1,gain,0.1,100,0,0.0,-10.0,False,gamble
P037,22,20,loss,0.25,0,100,-15.0,-10.0,False,gamble
P046,3,31,loss,0.9,0,100,-100.0,10.0,False,gamble
P034,9,17,loss,0.1,0,100,0.0,-10.0,False,certain
P042,19,32,loss,0.5,0,100,0.0,,True,certain
P032,2,18,loss,0.1,0,100,-10.0,0.0,False,certain
P029,25,20,loss,0.25,0,100,-15.0,-10.0,False,certain
P016,16,9,gain,0.5,100,0,60.0,10.0,False,certain
P041,17,24,loss,0.5,0,100,-50.0,0.0,False,gamble
P033,9,23,loss,0.5,0,100,-40.0,-10.0,False,certain
P028,4,21,loss,0.25,0,100,-25.0,0.0,False,
P013,1,11,gain,0.75,100,0,75.0,0.0,False,certain
P047,23,24,loss,0.5,0,100,-50.0,0.0,False,gamble
P021,13,19,loss,0.1,0,100,-20.0,10.0,False,gamble
P050,18,32,loss,0.5,0,100,0.0,,True,certain
P013,14,9,gain,0.5,100,0,60.0,10.0,False,certain
P030,19,20,loss,0.25,0,100,-15.0,-10.0,False,certain
P045,16,21,loss,0.25,0,100,-25.0,0.0,False,gamble
P060,9,6,gain,0.25,100,0,35.0,10.0,False,gamble
P023,21,32,loss,0.5,0,100,0.0,,True,certain
P017,21,21,loss,0.25,0,100,-25.0,0.0,False,certain
P024,27,22,loss,0.25,0,100,-35.0,10.0,False,gamble
P006,2,30,loss,0.9,0,100,-90.0,0.0,False,certain
P042,23,18,loss,0.1,0,100,-10.0,0.0,False,gamble
P050,31,14,gain,0.9,100,0,90.0,0.0,False,certain
P035,16,8,gain,0.5,100,0,50.0,0.0,False,gamble
P030,9,10,gain,0.75,100,0,65.0,-10.0,False,gamble
P033,16,29,loss,0.9,0,100,-80.0,-10.0,False,certain
P043,23,28,loss,0.75,0,100,-85.0,10.0,False,certain
P034,18,22,loss,0.25,0,100,-35.0,10.0,False,certain
P040,27,29,loss,0.9,0,100,-80.0,-10.0,False,certain
P054,18,9,gain,0.5,100,0,60.0,10.0,False,certain
P001,21,5,gain,0.25,100,0,25.0,0.0,False,certain
P018,26,31,loss,0.9,0,100,-100.0,10.0,False,gamble
P037,8,24,loss,0.5,0,100,-50.0,0.0,False,gamble
P021,14,12,gain,0.75,100,0,85.0,10.0,False,gamble
P022,25,5,gain,0.25,100,0,25.0,0.0,False,certain
P016,2,22,loss,0.25,0,100,-35.0,10.0,False,gamble
P002,2,22,loss,0.25,0,100,-35.0,10.0,False,certain
P036,15,3,gain,0.1,100,0,20.0,10.0,False,certain
P033,26,3,gain,0.1,100,0,20.0,10.0,False,gamble
P002,16,5,gain,0.25,100,0,25.0,0.0,False,gamble
P038,15,11,gain,0.75,100,0,75.0,0.0,False,gamble
P001,30,7,gain,0.5,100,0,40.0,-10.0,False,gamble
P032,14,15,gain,0.9,100,0,100.0,10.0,False,certain
P037,26,32,loss,0.5,0,100,0.0,,True,certain
P045,5,11,gain,0.75,100,0,75.0,0.0,False,gamble
P060,18,26,loss,0.75,0,100,-65.0,-10.0,False,gamble
P052,10,29,loss,0.9,0,100,-80.0,-10.0,False,gamble
P038,2,15,gain,0.9,100,0,100.0,10.0,False,gamble
P040,21,4,gain,0.25,100,0,15.0,-10.0,False,gamble
P016,31,4,gain,0.25,100,0,15.0,-10.0,False,gamble
P037,31,11,gain,0.75,100,0,75.0,0.0,False,gamble
P017,19,30,loss,0.9,0,100,-90.0,0.0,False,certain
P029,27,11,gain,0.75,100,0,75.0,0.0,False,gamble
P016,22,23,loss,0.5,0,100,-40.0,-10.0,False,certain
P014,17,12,gain,0.75,100,0,85.0,10.0,False,gamble
P008,30,27,loss,0.75,0,100,-75.0,0.0,False,gamble
P059,8,9,gain,0.5,100,0,60.0,10.0,False,certain
P055,27,6,gain,0.25,100,0,35.0,10.0,False,gamble
P003,19,1,gain,0.1,100,0,0.0,-10.0,False,gamble
P056,10,5,gain,0.25,100,0,25.0,0.0,False,certain
P025,12,3,gain,0.1,100,0,20.0,10.0,False,certain
P012,15,25,loss,0.5,0,100,-60.0,10.0,False,gamble
P034,21,16,gain,0.5,100,0,120.0,,True,certain
P034,23,2,gain,0.1,100,0,10.0,0.0,False,gamble
P022,9,32,loss,0.5,0,100,0.0,,True,certain
P049,25,12,gain,0.75,100,0,85.0,10.0,False,certain
P026,13,18,loss,0.1,0,100,-10.0,0.0,False,certain
P023,32,6,gain,0.25,100,0,35.0,10.0,False,gamble
P033,25,31,loss,0.9,0,100,-100.0,10.0,False,gamble
P010,11,15,gain,0.9,100,0,100.0,10.0,False,certain
P018,13,4,gain,0.25,100,0,15.0,-10.0,False,certain
P018,32,11,gain,0.75,100,0,75.0,0.0,False,certain
P001,19,2,gain,0.1,100,0,10.0,0.0,False,gamble
P018,29,16,gain,0.5,100,0,120.0,,True,certain
P040,31,23,loss,0.5,0,100,-40.0,-10.0,False,certain
P008,2,22,loss,0.25,0,100,-35.0,10.0,False,gamble
P019,24,5,gain,0.25,100,0,25.0,0.0,False,certain
P014,4,10,gain,0.75,100,0,65.0,-10.0,False,certain
P047,25,18,loss,0.1,0,100,-10.0,0.0,False,gamble
P041,23,23,loss,0.5,0,100,-40.0,-10.0,False,certain
P039,31,17,loss,0.1,0,100,0.0,-10.0,False,certain
P050,9,11,gain,0.75,100,0,75.0,0.0,False,certain
P007,27,12,gain,0.75,100,0,85.0,10.0,False,certain
P010,20,17,loss,0.1,0,100,0.0,-10.0,False,certain
P005,29,23,loss,0.5,0,100,-40.0,-10.0,False,certain
P006,12,10,gain,0.75,100,0,65.0,-10.0,False,gamble
P048,27,32,loss,0.5,0,100,0.0,,True,certain
P023,2,30,loss,0.9,0,100,-90.0,0.0,False,certain
P009,31,28,loss,0.75,0,100,-85.0,10.0,False,gamble
P035,3,15,gain,0.9,100,0,100.0,10.0,False,certain
P015,6,32,loss,0.5,0,100,0.0,,True,certain
P059,13,21,loss,0.25,0,100,-25.0,0.0,False,gamble
P003,8,4,gain,0.25,100,0,15.0,-10.0,False,gamble
P045,29,4,gain,0.25,100,0,15.0,-10.0,False,certain
P003,19,1,gain,0.1,100,0,0.0,-10.0,False,gamble
P058,18,23,loss,0.5,0,100,-40.0,-10.0,False,certain
P047,17,21,loss,0.25,0,100,-25.0,0.0,False,certain
P058,28,22,loss,0.25,0,100,-35.0,10.0,False,gamble
P001,16,1,gain,0.1,100,0,0.0,-10.0,False,certain
P052,27,32,loss,0.5,0,100,0.0,,True,certain
P017,24,16,gain,0.5,100,0,120.0,,True,certain
P047,3,22,loss,0.25,0,100,-35.0,10.0,False,gamble
P029,23,8,gain,0.5,100,0,50.0,0.0,False,gamble
P015,4,20,loss,0.25,0,100,-15.0,-10.0,False,certain
P046,32,25,loss,0.5,0,100,-60.0,10.0,False,gamble
P013,21,1,gain,0.1,100,0,0.0,-10.0,False,gamble
P056,27,24,loss,0.5,0,100,-50.0,0.0,False,gamble
P055,6,31,loss,0.9,0,100,-100.0,10.0,False,gamble
P024,4,1,gain,0.1,100,0,0.0,-10.0,False,gamble
P012,13,5,gain,0.25,100,0,25.0,0.0,False,certain
P004,9,11,gain,0.75,100,0,75.0,0.0,False,gamble
P041,13,32,loss,0.5,0,100,0.0,,True,certain
P057,1,11,gain,0.75,100,0,75.0,0.0,False,gamble
P050,28,31,loss,0.9,0,100,-100.0,10.0,False,gamble
P021,22,3,gain,0.1,100,0,20.0,10.0,False,certain
P008,18,15,gain,0.9,100,0,100.0,10.0,False,certain
P014,15,25,loss,0.5,0,100,-60.0,10.0,False,certain
P026,15,20,loss,0.25,0,100,-15.0,-10.0,False,gamble
P058,29,29,loss,0.9,0,100,-80.0,-10.0,False,certain
P039,12,14,gain,0.9,100,0,90.0,0.0,False,gamble
P020,23,6,gain,0.25,100,0,35.0,10.0,False,certain
P004,1,10,gain,0.75,100,0,65.0,-10.0,False,gamble
P015,20,23,loss,0.5,0,100,-40.0,-10.0,False,certain
P048,18,5,gain,0.25,100,0,25.0,0.0,False,certain
P038,7,14,gain,0.9,100,0,90.0,0.0,False,certain
P003,21,24,loss,0.5,0,100,-50.0,0.0,False,gamble
P022,30,22,loss,0.25,0,100,-35.0,10.0,False,gamble
P001,10,29,loss,1.4,0,100,-80.0,-10.0,False,certain
P019,29,16,gain,0.5,100,0,120.0,,True,certain
P028,15,16,gain,0.5,100,0,120.0,,True,certain
P042,28,7,gain,0.5,100,0,40.0,-10.0,False,gamble
P025,6,8,gain,0.5,100,0,50.0,0.0,False,certain
P044,10,21,loss,0.25,0,100,-25.0,0.0,False,certain
P037,11,31,loss,0.9,0,100,-100.0,10.0,False,gamble
P009,21,17,loss,0.1,0,100,0.0,-10.0,False,certain
P045,1,13,gain,0.9,100,0,80.0,-10.0,False,gamble
P043,29,17,loss,0.1,0,100,0.0,-10.0,False,certain
P003,25,6,gain,0.25,100,0,35.0,10.0,False,certain
P003,27,27,loss,0.75,0,100,-75.0,0.0,False,certain
P024,30,27,loss,0.75,0,100,-75.0,0.0,False,gamble
P009,25,26,loss,0.75,0,100,-65.0,-10.0,False,certain
P032,16,7,gain,0.5,100,0,40.0,-10.0,False,certain
P021,12,1,gain,0.1,100,0,0.0,-10.0,False,gamble
P047,13,10,gain,0.75,100,0,65.0,-10.0,False,gamble
P051,4,19,loss,0.1,0,100,-20.0,10.0,False,gamble
P057,17,12,gain,0.75,100,0,85.0,10.0,False,gamble
P048,9,9,gain,0.5,100,0,60.0,10.0,False,certain
P039,11,29,loss,0.9,0,100,-80.0,-10.0,False,certain
P045,19,17,loss,0.1,0,100,0.0,-10.0,False,certain
P043,21,8,gain,0.5,100,0,50.0,0.0,False,gamble
P032,1,19,loss,0.1,0,100,-20.0,10.0,False,gamble
P012,14,4,gain,0.25,100,0,15.0,-10.0,False,gamble
P001,24,12,gain,0.75,100,0,85.0,10.0,False,certain
P043,26,6,gain,0.25,100,0,35.0,10.0,False,certain
P022,5,10,gain,0.75,100,0,65.0,-10.0,False,gamble
P032,7,31,loss,0.9,0,100,-100.0,10.0,False,gamble
P038,6,7,gain,0.5,100,0,40.0,-10.0,False,certain
P043,15,3,gain,0.1,100,0,20.0,10.0,False,gamble
P010,23,20,loss,0.25,0,100,-15.0,-10.0,False,certain
P034,5,32,loss,0.5,0,100,0.0,,True,certain
P021,1,28,loss,0.75,0,100,-85.0,10.0,False,gamble
P044,2,20,loss,0.25,0,100,-15.0,-10.0,False,certain
P044,28,4,gain,0.25,100,0,15.0,-10.0,False,gamble
P008,17,18,loss,0.1,0,100,-10.0,0.0,False,certain
P021,27,2,gain,0.1,100,0,10.0,0.0,False,gamble
P042,31,22,loss,0.25,0,100,-35.0,10.0,False,gamble
P043,11,18,loss,0.1,0,100,-10.0,0.0,False,gamble
P041,7,27,loss,0.75,0,100,-75.0,0.0,False,gamble
P004,3,31,loss,0.9,0,100,-100.0,10.0,False,gamble
P006,8,21,loss,0.25,0,100,-25.0,0.0,False,certain
P016,17,25,loss,0.5,0,100,-60.0,10.0,False,gamble
P009,20,13,gain,0.9,100,0,80.0,-10.0,False,gamble
P035,26,1,gain,0.1,100,0,0.0,-10.0,False,certain
P023,11,12,gain,0.75,100,0,85.0,10.0,False,gamble
P056,21,6,gain,0.25,100,0,35.0,10.0,False,certain
P011,12,22,loss,0.25,0,100,-35.0,10.0,False,gamble
P007,28,9,gain,0.5,100,0,60.0,10.0,False,certain
P014,18,14,gain,0.9,100,0,90.0,0.0,False,certain
P058,31,14,gain,0.9,100,0,90.0,0.0,False,gamble
P052,25,5,gain,0.25,100,0,25.0,0.0,False,certain
P016,7,19,loss,0.1,0,100,-20.0,10.0,False,certain
P049,2,30,loss,0.9,0,100,-90.0,0.0,False,certain
P017,20,18,loss,0.1,0,100,-10.0,0.0,False,certain
P053,16,20,loss,0.25,0,100,-15.0,-10.0,False,certain
P009,5,12,gain,0.75,100,0,85.0,10.0,False,gamble
P026,11,31,loss,0.9,0,100,-100.0,10.0,False,certain
P010,18,8,gain,0.5,100,0,50.0,0.0,False,
P059,7,19,loss,0.1,0,100,-20.0,10.0,False,certain
P007,5,20,loss,0.25,0,100,-15.0,-10.0,False,certain
P037,13,19,loss,0.1,0,100,-20.0,10.0,False,certain
P036,27,10,gain,0.75,100,0,65.0,-10.0,False,gamble
P016,15,12,gain,0.75,100,0,85.0,10.0,False,gamble
P004,15,23,loss,0.5,0,100,-40.0,-10.0,False,certain
P035,21,5,gain,0.25,100,0,25.0,0.0,False,certain
P050,19,17,loss,1.4,0,100,0.0,-10.0,False,certain
P017,2,31,loss,0.9,0,100,-100.0,10.0,False,certain
P022,20,8,gain,0.5,100,0,50.0,0.0,False,gamble
P048,3,4,gain,0.25,100,0,15.0,-10.0,False,gamble
P012,18,12,gain,0.75,100,0,85.0,10.0,False,certain
P025,26,20,loss,0.25,0,100,-15.0,-10.0,False,gamble
P035,11,10,gain,0.75,100,0,65.0,-10.0,False,gamble
P049,8,32,loss,0.5,0,100,0.0,,True,certain
P057,2,9,gain,0.5,100,0,60.0,10.0,False,certain
P029,31,31,loss,0.9,0,100,-100.0,10.0,False,certain
P009,18,7,gain,0.5,100,0,40.0,-10.0,False,gamble
P013,13,16,gain,0.5,100,0,120.0,,True,certain
P037,27,14,gain,0.9,100,0,90.0,0.0,False,gamble
P002,27,31,loss,0.9,0,100,-100.0,10.0,False,gamble
P038,32,2,gain,0.1,100,0,10.0,0.0,False,gamble
P025,30,14,gain,0.9,100,0,90.0,0.0,False,certain
P041,19,3,gain,0.1,100,0,20.0,10.0,False,certain
P038,28,32,loss,0.5,0,100,0.0,,True,certain
P034,19,29,loss,0.9,0,100,-80.0,-10.0,False,certain
P034,7,20,loss,0.25,0,100,-15.0,-10.0,False,certain
P031,2,4,gain,0.25,100,0,15.0,-10.0,False,gamble
P014,3,20,loss,0.25,0,100,-15.0,-10.0,False,gamble
P046,29,19,loss,0.1,0,100,-20.0,10.0,False,gamble
P039,17,21,loss,0.25,0,100,-25.0,0.0,False,certain
P012,24,26,loss,0.75,0,100,-65.0,-10.0,False,gamble
P015,16,27,loss,0.75,0,100,-75.0,0.0,False,gamble
P015,23,13,gain,0.9,100,0,80.0,-10.0,False,gamble
P049,6,24,loss,0.5,0,100,-50.0,0.0,False,gamble
P035,12,32,loss,0.5,0,100,0.0,,True,certain
P040,25,11,gain,0.75,100,0,75.0,0.0,False,certain
P018,16,22,loss,0.25,0,100,-35.0,10.0,False,gamble
P010,15,3,gain,0.1,100,0,20.0,10.0,False,certain
P019,7,1,gain,0.1,100,0,0.0,-10.0,False,gamble
P040,22,32,loss,1.4,0,100,0.0,,True,certain
P060,4,14,gain,0.9,100,0,90.0,0.0,False,certain
P025,31,19,loss,0.1,0,100,-20.0,10.0,False,gamble
P001,12,26,loss,0.75,0,100,-65.0,-10.0,False,certain
P052,5,18,loss,0.1,0,100,-10.0,0.0,False,gamble
P048,6,3,gain,0.1,100,0,20.0,10.0,False,certain
P047,15,8,gain,0.5,100,0,50.0,0.0,False,certain
P017,27,5,gain,0.25,100,0,25.0,0.0,False,gamble
P020,20,11,gain,0.75,100,0,75.0,0.0,False,gamble
P009,26,27,loss,0.75,0,100,-75.0,0.0,False,gamble
P040,30,26,loss,0.75,0,100,-65.0,-10.0,False,certain
P031,24,29,loss,0.9,0,100,-80.0,-10.0,False,certain
P016,7,19,loss,0.1,0,100,-20.0,10.0,False,certain
P047,8,27,loss,0.75,0,100,-75.0,0.0,False,gamble
P007,32,5,gain,0.25,100,0,25.0,0.0,False,gamble
P051,2,21,loss,0.25,0,100,-25.0,0.0,False,gamble
P022,1,18,loss,0.1,0,100,-10.0,0.0,False,gamble
P039,28,32,loss,0.5,0,100,0.0,,True,certain
P031,7,15,gain,0.9,100,0,100.0,10.0,False,certain
P046,10,24,loss,0.5,0,100,-50.0,0.0,False,gamble
P044,18,5,gain,0.25,100,0,25.0,0.0,False,certain
P036,30,17,loss,0.1,0,100,0.0,-10.0,False,certain
P035,6,18,loss,0.1,0,100,-10.0,0.0,False,certain
P060,31,22,loss,0.25,0,100,-35.0,10.0,False,gamble
P032,3,11,gain,0.75,100,0,75.0,0.0,False,certain
P019,5,2,gain,0.1,100,0,10.0,0.0,False,certain
P033,22,14,gain,0.9,100,0,90.0,0.0,False,certain
P003,14,22,loss,0.25,0,100,-35.0,10.0,False,certain
P018,4,7,gain,0.5,100,0,40.0,-10.0,False,gamble
P015,20,23,loss,0.5,0,100,-40.0,-10.0,False,certain
P024,13,8,gain,0.5,100,0,50.0,0.0,False,certain
P059,30,12,gain,0.75,100,0,85.0,10.0,False,gamble
P026,27,29,loss,0.9,0,100,-80.0,-10.0,False,
P004,30,3,gain,0.1,100,0,20.0,10.0,False,certain
P040,5,10,gain,0.75,100,0,65.0,-10.0,False,gamble
P024,22,13,gain,0.9,100,0,80.0,-10.0,False,gamble
P034,11,25,loss,0.5,0,100,-60.0,10.0,False,certain
P049,5,22,loss,0.25,0,100,-35.0,10.0,False,
P050,29,1,gain,0.1,100,0,0.0,-10.0,False,gamble
P019,1,3,gain,0.1,100,0,20.0,10.0,False,gamble
P050,8,20,loss,0.25,0,100,-15.0,-10.0,False,certain
P020,14,10,gain,0.75,100,0,65.0,-10.0,False,certain
P024,32,10,gain,0.75,100,0,65.0,-10.0,False,gamble
P044,23,15,gain,0.9,100,0,100.0,10.0,False,certain
P039,14,25,loss,0.5,0,100,-60.0,10.0,False,gamble
P060,21,1,gain,0.1,100,0,0.0,-10.0,False,gamble
P047,7,17,loss,0.1,0,100,0.0,-10.0,False,certain
P033,7,4,gain,0.25,100,0,15.0,-10.0,False,certain
P055,25,4,gain,0.25,100,0,15.0,-10.0,False,gamble
P026,3,13,gain,0.9,100,0,80.0,-10.0,False,certain
P027,13,14,gain,0.9,100,0,90.0,0.0,False,certain
P048,14,16,gain,0.5,100,0,120.0,,True,certain
P052,13,25,loss,0.5,0,100,-60.0,10.0,False,gamble
P059,27,17,loss,0.1,0,100,0.0,-10.0,False,certain
P060,16,15,gain,0.9,100,0,100.0,10.0,False,certain
P053,5,21,loss,0.25,0,100,-25.0,0.0,False,gamble
P009,4,22,loss,0.25,0,100,-35.0,10.0,False,gamble
P009,27,10,gain,0.75,100,0,65.0,-10.0,False,certain
P020,27,25,loss,0.5,0,100,-60.0,10.0,False,certain
P051,15,26,loss,0.75,0,100,-65.0,-10.0,False,certain
P058,1,8,gain,0.5,100,0,50.0,0.0,False,gamble
P015,27,31,loss,0.9,0,100,-100.0,10.0,False,certain
P015,8,28,loss,0.75,0,100,-85.0,10.0,False,gamble
P011,1,12,gain,0.75,100,0,85.0,10.0,False,certain
P014,19,28,loss,0.75,0,100,-85.0,10.0,False,gamble
P059,10,18,loss,0.1,0,100,-10.0,0.0,False,gamble
P010,12,18,loss,0.1,0,100,-10.0,0.0,False,certain
P014,21,22,loss,0.25,0,100,-35.0,10.0,False,gamble
P056,8,13,gain,0.9,100,0,,-10.0,False,gamble
P014,23,7,gain,0.5,100,0,40.0,-10.0,False,gamble
P011,6,21,loss,0.25,0,100,-25.0,0.0,False,gamble
P013,20,6,gain,0.25,100,0,35.0,10.0,False,certain
P041,10,19,loss,0.1,0,100,-20.0,10.0,False,gamble
P018,21,1,gain,0.1,100,0,0.0,-10.0,False,gamble
P051,27,13,gain,0.9,100,0,80.0,-10.0,False,gamble
P010,5,27,loss,0.75,0,100,-75.0,0.0,False,certain
P009,23,30,loss,0.9,0,100,-90.0,0.0,False,certain
P021,16,32,loss,0.5,0,100,0.0,,True,certain
P053,29,2,gain,0.1,100,0,10.0,0.0,False,gamble
P023,29,5,gain,0.25,100,0,25.0,0.0,False,gamble
P018,10,14,gain,0.9,100,0,90.0,0.0,False,certain
P003,31,31,loss,0.9,0,100,-100.0,10.0,False,gamble
P060,2,8,gain,0.5,100,0,50.0,0.0,False,gamble
P040,8,15,gain,0.9,100,0,100.0,10.0,False,gamble
P008,22,13,gain,0.9,100,0,80.0,-10.0,False,gamble
P030,18,8,gain,0.5,100,0,50.0,0.0,False,gamble
P038,8,19,loss,0.1,0,100,-20.0,10.0,False,gamble
P048,23,19,loss,0.1,0,100,-20.0,10.0,False,gamble
P043,13,22,loss,0.25,0,100,-35.0,10.0,False,certain
P025,8,31,loss,0.9,0,100,-100.0,10.0,False,certain
P014,11,18,loss,0.1,0,100,-10.0,0.0,False,gamble
P049,30,16,gain,0.5,100,0,120.0,,True,certain
P038,3,26,loss,0.75,0,100,-65.0,-10.0,False,
P005,22,8,gain,0.5,100,0,50.0,0.0,False,certain
P008,3,5,gain,0.25,100,0,25.0,0.0,False,gamble
P028,2,29,loss,0.9,0,100,-80.0,-10.0,False,certain
P031,8,19,loss,0.1,0,100,-20.0,10.0,False,gamble
P035,31,22,loss,0.25,0,100,-35.0,10.0,False,gamble
P039,30,13,gain,0.9,100,0,80.0,-10.0,False,certain
P051,22,2,gain,0.1,100,0,10.0,0.0,False,certain
P029,5,5,gain,0.25,100,0,25.0,0.0,False,certain
P022,28,16,gain,0.5,100,0,120.0,,True,certain
P047,26,1,gain,0.1,100,0,0.0,-10.0,False,certain
P060,28,11,gain,0.75,100,0,75.0,0.0,False,certain
P019,26,25,loss,0.5,0,100,-60.0,10.0,False,gamble
P041,12,1,gain,0.1,100,0,0.0,-10.0,False,certain
P034,3,26,loss,0.75,0,100,-65.0,-10.0,False,certain
P007,26,14,gain,0.9,100,0,90.0,0.0,False,
P035,9,7,gain,0.5,100,0,40.0,-10.0,False,gamble
P026,18,22,loss,0.25,0,100,-35.0,10.0,False,gamble
P007,29,18,loss,0.1,0,100,-10.0,0.0,False,certain
P007,22,21,loss,0.25,0,100,-25.0,0.0,False,certain
P057,8,31,loss,0.9,0,100,-100.0,10.0,False,gamble
P029,12,27,loss,0.75,0,100,-75.0,0.0,False,certain
P013,11,25,loss,0.5,0,100,-60.0,10.0,False,gamble
P052,15,12,gain,0.75,100,0,85.0,10.0,False,gamble
P012,16,20,loss,0.25,0,100,-15.0,-10.0,False,certain
P029,29,9,gain,0.5,100,0,60.0,10.0,False,gamble
P001,13,19,loss,0.1,0,100,-20.0,10.0,False,gamble
P056,29,26,loss,0.75,0,100,-65.0,-10.0,False,certain
P043,24,25,loss,0.5,0,100,-60.0,10.0,False,certain
P039,7,28,loss,0.75,0,100,-85.0,10.0,False,gamble
P008,11,23,loss,0.5,0,100,-40.0,-10.0,False,certain
P022,24,30,loss,0.9,0,100,-90.0,0.0,False,gamble
P046,5,21,loss,0.25,0,100,-25.0,0.0,False,gamble
P034,29,8,gain,0.5,100,0,50.0,0.0,False,gamble
P057,26,30,loss,0.9,0,100,-90.0,0.0,False,certain
P052,1,11,gain,0.75,100,0,75.0,0.0,False,gamble
P054,26,16,gain,0.5,100,0,120.0,,True,gamble
P042,10,23,loss,0.5,0,100,-40.0,-10.0,False,certain
P002,32,28,loss,0.75,0,100,-85.0,10.0,False,certain
P023,31,13,gain,0.9,100,0,80.0,-10.0,False,gamble
P032,32,20,loss,0.25,0,100,-15.0,-10.0,False,certain
P031,5,27,loss,0.75,0,100,-75.0,0.0,False,certain
P019,32,9,gain,0.5,100,0,60.0,10.0,False,certain
P001,14,11,gain,0.75,100,0,75.0,0.0,False,certain
P027,8,32,loss,0.5,0,100,0.0,,True,certain
P014,20,13,gain,0.9,100,0,,-10.0,False,gamble
P001,18,25,loss,0.5,0,100,-60.0,10.0,False,gamble
P024,29,26,loss,0.75,0,100,-65.0,-10.0,False,certain
P048,10,29,loss,0.9,0,100,-80.0,-10.0,False,certain
P011,29,16,gain,0.5,100,0,120.0,,True,certain
P007,16,15,gain,0.9,100,0,100.0,10.0,False,gamble
P035,27,29,loss,0.9,0,100,-80.0,-10.0,False,certain
P042,20,17,loss,0.1,0,100,0.0,-10.0,False,certain
P011,22,13,gain,0.9,100,0,80.0,-10.0,False,gamble
P044,29,12,gain,0.75,100,0,85.0,10.0,False,certain
P011,25,5,gain,0.25,100,0,25.0,0.0,False,
P047,24,31,loss,0.9,0,100,-100.0,10.0,False,gamble
P055,13,25,loss,0.5,0,100,-60.0,10.0,False,gamble
P056,20,16,gain,0.5,100,0,120.0,,True,certain
P018,8,29,loss,0.9,0,100,-80.0,-10.0,False,certain
P019,23,6,gain,0.25,100,0,35.0,10.0,False,certain
P054,22,21,loss,0.25,0,100,-25.0,0.0,False,gamble
P002,1,19,loss,0.1,0,100,-20.0,10.0,False,certain
P012,21,17,loss,0.1,0,100,0.0,-10.0,False,certain
P021,18,14,gain,0.9,100,0,90.0,0.0,False,gamble
P053,31,13,gain,0.9,100,0,80.0,-10.0,False,gamble
P006,13,18,loss,0.1,0,100,-10.0,0.0,False,certain
P034,31,24,loss,0.5,0,100,-50.0,0.0,False,certain
P056,32,11,gain,0.75,100,0,75.0,0.0,False,gamble
P013,25,15,gain,0.9,100,0,100.0,10.0,False,certain
P033,27,15,gain,0.9,100,0,100.0,10.0,False,gamble
P058,21,6,gain,0.25,100,0,35.0,10.0,False,certain
P007,9,13,gain,0.9,100,0,80.0,-10.0,False,gamble
P042,5,10,gain,0.75,100,0,65.0,-10.0,False,certain
P027,29,17,loss,0.1,0,100,0.0,-10.0,False,certain
P051,8,17,loss,0.1,0,100,0.0,-10.0,False,certain
P057,16,4,gain,0.25,100,0,15.0,-10.0,False,gamble
P048,31,7,gain,0.5,100,0,40.0,-10.0,False,gamble
P037,14,18,loss,0.1,0,100,-10.0,0.0,False,certain
P056,23,18,loss,0.1,0,100,-10.0,0.0,False,gamble
P057,31,8,gain,0.5,100,0,50.0,0.0,False,gamble
P043,18,31,loss,0.9,0,100,-100.0,10.0,False,gamble
P060,13,30,loss,0.9,0,100,-90.0,0.0,False,gamble
P016,10,17,loss,0.1,0,100,0.0,-10.0,False,certain
P057,28,6,gain,0.25,100,0,35.0,10.0,False,gamble
P007,21,29,loss,0.9,0,100,-80.0,-10.0,False,certain
P005,6,5,gain,0.25,100,0,25.0,0.0,False,certain
P002,29,8,gain,0.5,100,0,50.0,0.0,False,gamble
P022,19,20,loss,0.25,0,100,-15.0,-10.0,False,gamble
P001,27,3,gain,0.1,100,0,20.0,10.0,False,certain
P004,5,5,gain,0.25,100,0,25.0,0.0,False,certain
P049,20,8,gain,0.5,100,0,50.0,0.0,False,certain
P051,13,22,loss,0.25,0,100,-35.0,10.0,False,gamble
P031,15,31,loss,0.9,0,100,-100.0,10.0,False,gamble
P006,15,32,loss,0.5,0,100,0.0,,True,certain
P025,9,11,gain,0.75,100,0,75.0,0.0,False,certain
P025,21,21,loss,0.25,0,100,-25.0,0.0,False,gamble
P017,9,9,gain,0.5,100,0,60.0,10.0,False,gamble
P012,12,31,loss,0.9,0,100,-100.0,10.0,False,gamble
P010,22,5,gain,0.25,100,0,25.0,0.0,False,certain
P025,28,13,gain,0.9,100,0,80.0,-10.0,False,certain
P026,29,10,gain,0.75,100,0,65.0,-10.0,False,certain
P051,29,6,gain,0.25,100,0,35.0,10.0,False,gamble
P040,29,17,loss,0.1,0,100,0.0,-10.0,False,certain
P018,1,17,loss,0.1,0,100,0.0,-10.0,False,certain
P030,12,6,gain,0.25,100,0,35.0,10.0,False,gamble
P048,2,24,loss,0.5,0,100,-50.0,0.0,False,certain
P014,26,9,gain,0.5,100,0,60.0,10.0,False,certain
P021,8,20,loss,0.25,0,100,-15.0,-10.0,False,certain
P032,12,27,loss,0.75,0,100,-75.0,0.0,False,certain
P015,29,17,loss,0.1,0,100,0.0,-10.0,False,certain
P033,23,24,loss,0.5,0,100,-50.0,0.0,False,certain
P002,31,20,loss,0.25,0,100,-15.0,-10.0,False,
P037,21,21,loss,0.25,0,100,-25.0,0.0,False,certain
P016,4,26,loss,0.75,0,100,-65.0,-10.0,False,gamble
P055,24,1,gain,0.1,100,0,0.0,-10.0,False,gamble
P033,3,6,gain,0.25,100,0,35.0,10.0,False,certain
P041,2,18,loss,0.1,0,100,-10.0,0.0,False,gamble
P002,21,6,gain,0.25,100,0,35.0,10.0,False,gamble
P008,19,9,gain,0.5,100,0,60.0,10.0,False,gamble
P038,14,6,gain,0.25,100,0,35.0,10.0,False,certain
P002,4,17,loss,0.1,0,100,0.0,-10.0,False,certain
P038,19,27,loss,0.75,0,100,-75.0,0.0,False,certain
P054,8,6,gain,0.25,100,0,35.0,10.0,False,gamble
P024,3,32,loss,0.5,0,100,0.0,,True,certain
P004,25,1,gain,0.1,100,0,0.0,-10.0,False,gamble
P059,2,2,gain,0.1,100,0,10.0,0.0,False,certain
P041,20,4,gain,0.25,100,0,15.0,-10.0,False,gamble
P032,28,17,loss,0.1,0,100,0.0,-10.0,False,certain
P002,13,14,gain,0.9,100,0,90.0,0.0,False,gamble
P042,13,3,gain,0.1,100,0,20.0,10.0,False,certain
P027,5,6,gain,0.25,100,0,35.0,10.0,False,certain
P003,13,13,gain,0.9,100,0,80.0,-10.0,False,gamble
P055,17,10,gain,0.75,100,0,65.0,-10.0,False,certain
P012,17,2,gain,0.1,100,0,10.0,0.0,False,certain
P029,11,19,loss,0.1,0,100,-20.0,10.0,False,gamble
P039,21,5,gain,0.25,100,0,25.0,0.0,False,certain
P009,12,29,loss,0.9,0,100,-80.0,-10.0,False,certain
P042,24,21,loss,0.25,0,100,-25.0,0.0,False,certain
P023,25,22,loss,0.25,0,100,-35.0,10.0,False,gamble
P014,29,6,gain,0.25,100,0,35.0,10.0,False,gamble
P016,24,2,gain,0.1,100,0,10.0,0.0,False,certain
P048,16,2,gain,0.1,100,0,10.0,0.0,False,certain
P034,2,14,gain,0.9,100,0,90.0,0.0,False,gamble
P033,10,12,gain,0.75,100,0,85.0,10.0,False,certain
P054,17,12,gain,0.75,100,0,85.0,10.0,False,certain
P038,1,9,gain,0.5,100,0,60.0,10.0,False,certain
P009,30,1,gain,0.1,100,0,0.0,-10.0,False,gamble
P010,8,10,gain,0.75,100,0,65.0,-10.0,False,gamble
P052,9,27,loss,0.75,0,100,-75.0,0.0,False,gamble
P020,18,4,gain,0.25,100,0,15.0,-10.0,False,gamble
P009,22,15,gain,0.9,100,0,100.0,10.0,False,gamble
P058,22,5,gain,0.25,100,0,25.0,0.0,False,gamble
P051,28,11,gain,0.75,100,0,75.0,0.0,False,gamble
P016,5,32,loss,0.5,0,100,0.0,,True,certain
P048,17,10,gain,0.75,100,0,65.0,-10.0,False,gamble
P006,23,2,gain,0.1,100,0,10.0,0.0,False,certain
P031,11,18,loss,0.1,0,100,-10.0,0.0,False,certain
P060,3,17,loss,0.1,0,100,0.0,-10.0,False,certain
P022,13,28,loss,0.75,0,100,-85.0,10.0,False,gamble
P056,9,32,loss,0.5,0,100,0.0,,True,certain
P060,19,27,loss,0.75,0,100,-75.0,0.0,False,gamble
P002,5,2,gain,0.1,100,0,10.0,0.0,False,gamble
P037,29,30,loss,0.9,0,100,-90.0,0.0,False,certain
P001,3,30,loss,0.9,0,100,-90.0,0.0,False,gamble
P024,19,9,gain,0.5,100,0,60.0,10.0,False,certain
P016,29,24,loss,0.5,0,100,-50.0,0.0,False,certain
P016,18,1,gain,0.1,100,0,0.0,-10.0,False,certain
P010,21,1,gain,0.1,100,0,0.0,-10.0,False,gamble
P042,2,9,gain,0.5,100,0,60.0,10.0,False,certain
P050,17,8,gain,0.5,100,0,50.0,0.0,False,gamble
P045,31,3,gain,0.1,100,0,20.0,10.0,False,certain
P046,6,26,loss,0.75,0,100,-65.0,-10.0,False,gamble
P005,14,9,gain,0.5,100,0,60.0,10.0,False,certain
P039,32,3,gain,0.1,100,0,20.0,10.0,False,gamble
P028,1,11,gain,0.75,100,0,75.0,0.0,False,certain
P006,24,25,loss,0.5,0,100,-60.0,10.0,False,gamble
P059,21,14,gain,0.9,100,0,90.0,0.0,False,certain
P032,19,22,loss,0.25,0,100,-35.0,10.0,False,gamble
P029,17,18,loss,0.1,0,100,-10.0,0.0,False,certain
P054,1,17,loss,0.1,0,100,0.0,-10.0,False,certain
P027,17,15,gain,0.9,100,0,100.0,10.0,False,certain
P016,32,6,gain,0.25,100,0,35.0,10.0,False,certain
P023,28,24,loss,0.5,0,100,-50.0,0.0,False,certain
P052,4,26,loss,0.75,0,100,-65.0,-10.0,False,certain
P032,5,24,loss,0.5,0,100,-50.0,0.0,False,certain
P056,12,22,loss,0.25,0,100,-35.0,10.0,False,gamble
P028,24,9,gain,0.5,100,0,60.0,10.0,False,certain
P004,22,8,gain,0.5,100,0,50.0,0.0,False,gamble
P033,2,30,loss,0.9,0,100,-90.0,0.0,False,gamble
P004,18,27,loss,0.75,0,100,-75.0,0.0,False,certain
P018,2,3,gain,0.1,100,0,20.0,10.0,False,certain
P054,15,10,gain,0.75,100,0,65.0,-10.0,False,certain
P056,30,30,loss,0.9,0,100,-90.0,0.0,False,gamble
P006,6,12,gain,0.75,100,0,85.0,10.0,False,gamble
P006,25,29,loss,0.9,0,100,-80.0,-10.0,False,certain
P054,6,31,loss,0.9,0,100,-100.0,10.0,False,gamble
P044,21,11,gain,0.75,100,0,75.0,0.0,False,certain
P009,19,9,gain,0.5,100,0,60.0,10.0,False,gamble
P032,10,6,gain,0.25,100,0,35.0,10.0,False,gamble
P023,1,26,loss,0.75,0,100,-65.0,-10.0,False,certain
P033,1,22,loss,0.25,0,100,-35.0,10.0,False,gamble
P050,23,19,loss,0.1,0,100,-20.0,10.0,False,gamble
P049,29,14,gain,0.9,100,0,90.0,0.0,False,gamble
P048,21,17,loss,0.1,0,100,0.0,-10.0,False,
P055,15,2,gain,0.1,100,0,10.0,0.0,False,gamble
P012,32,24,loss,0.5,0,100,-50.0,0.0,False,certain
P045,22,23,loss,0.5,0,100,-40.0,-10.0,False,gamble
P018,18,28,loss,0.75,0,100,-85.0,10.0,False,gamble
P027,31,29,loss,0.9,0,100,-80.0,-10.0,False,certain
P033,21,27,loss,0.75,0,100,-75.0,0.0,False,gamble
P058,6,11,gain,0.75,100,0,75.0,0.0,False,gamble
P006,17,16,gain,0.5,100,0,120.0,,True,certain
P043,16,10,gain,0.75,100,0,65.0,-10.0,False,gamble
P012,28,13,gain,0.9,100,0,80.0,-10.0,False,gamble
P050,2,22,loss,0.25,0,100,-35.0,10.0,False,certain
P038,12,5,gain,0.25,100,0,25.0,0.0,False,certain
P032,25,5,gain,0.25,100,0,25.0,0.0,False,gamble
P017,8,22,loss,0.25,0,100,-35.0,10.0,False,gamble
P026,31,12,gain,0.75,100,0,85.0,10.0,False,gamble
P016,28,18,loss,0.1,0,100,-10.0,0.0,False,certain
P037,25,16,gain,0.5,100,0,120.0,,True,certain
P052,11,3,gain,0.1,100,0,20.0,10.0,False,certain
P013,30,32,loss,0.5,0,100,0.0,,True,certain
P052,2,10,gain,0.75,100,0,65.0,-10.0,False,gamble
P020,15,32,loss,0.5,0,100,0.0,,True,certain
P028,9,22,loss,0.25,0,100,-35.0,10.0,False,gamble
P051,6,18,loss,0.1,0,100,-10.0,0.0,False,certain
P027,27,8,gain,0.5,100,0,50.0,0.0,False,certain
P021,2,17,loss,0.1,0,100,0.0,-10.0,False,certain
P042,29,14,gain,0.9,100,0,90.0,0.0,False,gamble
P009,3,21,loss,0.25,0,100,-25.0,0.0,False,gamble
P027,3,19,loss,0.1,0,100,-20.0,10.0,False,gamble
P021,23,23,loss,0.5,0,100,-40.0,-10.0,False,certain
P047,27,13,gain,0.9,100,0,80.0,-10.0,False,gamble
P011,18,23,loss,0.5,0,100,-40.0,-10.0,False,certain
P049,27,26,loss,0.75,0,100,-65.0,-10.0,False,certain
P048,25,11,gain,0.75,100,0,75.0,0.0,False,certain
P013,15,30,loss,0.9,0,100,-90.0,0.0,False,certain
P046,8,27,loss,0.75,0,100,-75.0,0.0,False,gamble
P019,30,32,loss,0.5,0,100,0.0,,True,certain
P053,21,18,loss,0.1,0,100,-10.0,0.0,False,certain
P016,1,8,gain,0.5,100,0,50.0,0.0,False,certain
P046,7,11,gain,0.75,100,0,75.0,0.0,False,gamble
P036,24,32,loss,0.5,0,100,0.0,,True,certain
P029,22,1,gain,0.1,100,0,0.0,-10.0,False,gamble
P053,11,28,loss,0.75,0,100,-85.0,10.0,False,gamble
P054,10,27,loss,0.75,0,100,-75.0,0.0,False,gamble
P032,26,16,gain,0.5,100,0,120.0,,True,certain
P028,12,31,loss,0.9,0,100,-100.0,10.0,False,gamble
P055,11,20,loss,0.25,0,100,-15.0,-10.0,False,certain
P021,20,24,loss,0.5,0,100,-50.0,0.0,False,certain
P032,30,13,gain,0.9,100,0,80.0,-10.0,False,gamble
P025,22,12,gain,0.75,100,0,85.0,10.0,False,certain
P009,1,31,loss,0.9,0,100,-100.0,10.0,False,gamble
P031,9,24,loss,0.5,0,100,-50.0,0.0,False,certain
P030,25,29,loss,0.9,0,100,-80.0,-10.0,False,certain
P053,4,29,loss,0.9,0,100,-80.0,-10.0,False,gamble
P040,26,27,loss,0.75,0,100,-75.0,0.0,False,certain
P053,25,24,loss,0.5,0,100,-50.0,0.0,False,certain
P060,11,13,gain,0.9,100,0,80.0,-10.0,False,certain
